品目名,読み仮名,分別区分,廃棄方法,注意事項,持込が必要な品目か（TRUE/FALSE）,充電池か（TRUE/FALSE）,携帯電話・タブレットPCか（TRUE/FALSE）,その他の電子機器か（TRUE/FALSE）
IHクッキングヒーター・IH調理器,あいえいちくっきんぐひーたー・あいえいちちょうりき,不燃ごみまたは粗大ごみ,,,0,0,0,0
ICレコーダー,あいしーれこーだー,小型家電または不燃ごみ,各区役所などの使用済小型家電回収ボックスへ（電池は外す）,,1,0,0,1
アイスノン（保冷剤）,あいすのん（ほれいざい）,可燃ごみ,,,0,0,0,0
アイスピック,あいすぴっく,不燃ごみ,紙で包み｢危険｣と書いて不燃ごみ指定袋へ,,0,0,0,0
アイス枕,あいすまくら,可燃ごみ,,,0,0,0,0
アイロン,あいろん,不燃ごみ,,,0,0,0,0
アイロンプリントの紙,あいろんぷりんとのかみ,可燃ごみ,,,0,0,0,0
アイロン台,あいろんだい,粗大ごみ,,,0,0,0,0
赤ちゃんパイプいす,あかちゃんぱいぷいす,粗大ごみ,,,0,0,0,0
空き缶（飲食用）,あきかん（いんしょくよう）,資源物,（びん・缶・ﾍﾟｯﾄﾎﾞﾄﾙ）の【缶】,水ですすぐ,0,0,0,0
空き缶（飲食用以外のもの）,あきかん（いんしょくよういがいのもの）,不燃ごみ,,,0,0,0,0
空き缶のフタ（金属製）（飲食用以外）,あきかんのふた（きんぞくせい）（いんしょくよういがい）,不燃ごみ,,,0,0,0,0
空き缶のフタ（プラスチック製）,あきかんのふた（ぷらすちっくせい）,可燃ごみ,,,0,0,0,0
空き缶のフタ（金属製）（飲食用）,あきかんのふた（きんぞくせい）（いんしょくよう）,資源物,（びん・缶・ﾍﾟｯﾄﾎﾞﾄﾙ）の【缶】,,0,0,0,0
空きびん（飲食用以外）,あきびん（いんしょくよういがい）,不燃ごみ,,,0,0,0,0
空きびん（有毒性の薬品が入っていたもの）,あきびん（ゆうどくせいのやくひんがはいっていたもの）,排出禁止物等,購入店・回収協力店等へ相談してください。,,1,0,0,0
空きびん（飲食用）,あきびん（いんしょくよう）,資源物,（びん・缶・ﾍﾟｯﾄﾎﾞﾄﾙ）の【びん】,水ですすぐ,0,0,0,0
空きびんのフタ（プラスチック製）,あきびんのふた（ぷらすちっくせい）,可燃ごみ,,,0,0,0,0
空きびんのフタ（金属製）（飲食用）,あきびんのふた（きんぞくせい）（いんしょくよう）,資源物,（びん・缶・ﾍﾟｯﾄﾎﾞﾄﾙ）の【缶】,,0,0,0,0
空きびんのフタ（金属製）（飲食用以外）,あきびんのふた（きんぞくせい）（いんしょくよういがい）,不燃ごみ,,,0,0,0,0
アクセサリー（指輪、ネックレスなど）（金属製）,あくせさりー（ゆびわ、ねっくれすなど）（きんぞくせい）,不燃ごみ,,,0,0,0,0
アクセサリー（指輪、ネックレスなど）のケース・容器（プラスチック製）,あくせさりー（ゆびわ、ねっくれすなど）のけーす・ようき（ぷらすちっくせい）,不燃ごみ,,,0,0,0,0
アクセサリー（指輪、ネックレスなど）のケース・容器（紙製・木製）,あくせさりー（ゆびわ、ねっくれすなど）のけーす・ようき（かみせい・もくせい）,可燃ごみ,,,0,0,0,0
アクリルタワシ,あくりるたわし,可燃ごみ,,,0,0,0,0
アコーディオン,あこーでぃおん,粗大ごみ,,,0,0,0,0
アコーディオンカーテン,あこーでぃおんかーてん,粗大ごみ,,,0,0,0,0
アシスト付自転車（電動自転車）,あしすとつじてんしゃ（でんどうじてんしゃ）,粗大ごみ,,バッテリーは除く,0,0,0,0
足ふきマット,あしふきまっと,可燃ごみ,,,0,0,0,0
アタッシュケース（硬いプラスチック製、金属製）,あたっしゅけーす（かたいぷらすちっくせい、きんぞくせい）,不燃ごみまたは粗大ごみ,,,0,0,0,0
アタッシュケース（柔らかいプラスチック製）,あたっしゅけーす（やわらかいぷらすちっくせい）,可燃ごみ,,,0,0,0,0
厚紙,あつがみ,資源物,（古紙・布類）の【古紙（雑がみ）】,,0,0,0,0
圧着はがき（はがして読むもの。親展はがきなど）,あっちゃくはがき（はがしてよむもの。しんてんはがきなど）,可燃ごみ,,,0,0,0,0
圧力鍋,あつりょくなべ,不燃ごみ,,,0,0,0,0
アノラック（ウインドブレーカー）,あのらっく（ういんどぶれーかー）,可燃ごみ,,,0,0,0,0
油（自動車、バイク、機械用）,あぶら（じどうしゃ、ばいく、きかいよう）,排出禁止物等,,少量ずつボロ布などに含ませれば「可燃ごみ」で可,1,0,0,0
油（食用植物性、天ぷら油等）,あぶら（しょくようしょくぶつせい、てんぷらあぶらなど）,回収場所へ,回収場所はこちらでご確認ください。,少量ずつボロ布などに含ませれば「可燃ごみ」で可,1,0,0,0
油（食用動物性、ラード等）,あぶら（しょくようどうぶつせい、らーどなど）,排出禁止物等,,少量ずつボロ布などに含ませれば「可燃ごみ」で可,1,0,0,0
油かす,あぶらかす,可燃ごみ,,,0,0,0,0
油紙・油とり紙,あぶらがみ・あぶらとりかみ,可燃ごみ,,,0,0,0,0
油缶,あぶらかん,不燃ごみ,,,0,0,0,0
油こし紙,あぶらこしがみ,可燃ごみ,,,0,0,0,0
油こし器（金属製）,あぶらこしき（きんぞくせい）,不燃ごみ,,,0,0,0,0
油刺し,あぶらさし,不燃ごみ,,,0,0,0,0
油びん,あぶらびん,不燃ごみ,,,0,0,0,0
油よけ（コンロの周りに使用する、金属製のもので硬いもの）,あぶらよけ（こんろのまわりにしようする、きんぞくせいのものでかたいもの）,不燃ごみまたは粗大ごみ,不燃ごみの指定袋に入る大きさに切断すれば「不燃ごみ」,,0,0,0,0
雨ガッパ,あまがっぱ,可燃ごみ,,,0,0,0,0
雨戸,あまど,粗大ごみ,,,0,0,0,0
雨どい（プラ製）,あまどい（ぷらせい）,粗大ごみ,,,0,0,0,0
網（金属製）,あみ（きんぞくせい）,不燃ごみまたは粗大ごみ,,,0,0,0,0
網（昆虫採集用などで長い柄（木製）のついたもの）,あみ（こんちゅうさいしゅうようなどでながいえ（もくせい）のついたもの）,可燃ごみまたは粗大ごみ,可燃ごみの指定袋に入る大きさに切断すれば「可燃ごみ」,,0,0,0,0
網（昆虫採集用などで長い柄（木製以外）のついたもの）,あみ（こんちゅうさいしゅうようなどでながいえ（もくせいいがい）のついたもの）,不燃ごみまたは粗大ごみ,不燃ごみの指定袋に入る大きさに切断すれば「不燃ごみ」,,0,0,0,0
網（昆虫採集用などの網の部分）,あみ（こんちゅうさいしゅうようなどのあみのぶぶん）,可燃ごみ,,,0,0,0,0
網入りガラス,あみいりがらす,粗大ごみ,,,0,0,0,0
編み機,あみき,粗大ごみ,,,0,0,0,0
網戸,あみど,粗大ごみ,,,0,0,0,0
網戸の網部分,あみどのあみぶぶん,可燃ごみ,,,0,0,0,0
編み針（木製）,あみばり（もくせい）,可燃ごみ,,,0,0,0,0
編み針（木製以外）,あみばり（もくせいいがい）,不燃ごみ,,,0,0,0,0
アルカリ電池,あるかりでんち,有害ごみ,,,0,0,0,0
アルバム,あるばむ,可燃ごみ,,,0,0,0,0
アルミガード（天ぷらガード）,あるみがーど（てんぷらがーど）,可燃ごみ,,,0,0,0,0
アルミ加工紙,あるみかこうし,可燃ごみ,,,0,0,0,0
アルミ缶（飲食用）,あるみかん（いんしょくよう）,資源物,（びん・缶・ﾍﾟｯﾄﾎﾞﾄﾙ）の【缶】,水ですすぐ,0,0,0,0
アルミ缶（飲食用以外）,あるみかん（いんしょくもちいがい）,不燃ごみ,,,0,0,0,0
アルミコーディングのプラ袋,あるみこーでぃんぐのぷらふくろ,可燃ごみ,,,0,0,0,0
アルミサッシ,あるみさっし,粗大ごみ,,,0,0,0,0
アルミ製のコップ・皿,あるみせいのこっぷ・さら,不燃ごみ,,,0,0,0,0
アルミトレイ,あるみとれい,不燃ごみ,,,0,0,0,0
アルミパイプ洋服かけ,あるみぱいぷようふくかけ,粗大ごみ,,,0,0,0,0
アルミ箔（アルミホイル）の芯,あるみはく（あるみほいる）のしん,可燃ごみ,,,0,0,0,0
アルミ箔（台所用）,あるみはく（だいどころよう）,可燃ごみ,,,0,0,0,0
アルミ箔の皿・器など（手で曲げられるもの）,あるみはくのさら・うつわなど（てでまげられるもの）,可燃ごみ,http://www.city.chiba.jp/kankyo/junkan/haikibutsu/haisyokuyu.html／http://www.city.chiba.jp/kankyo/junkan/haikibutsu/haisyokuyu.html,,1,0,0,0
アルミホイール（自動車部品）,あるみほいーる（じどうしゃぶひん）,排出禁止物等,,,1,0,0,0
アルミホイル（台所用）,あるみほいる（だいどころよう）,可燃ごみ,,,0,0,0,0
泡だて器,あわだてき,不燃ごみ,,,0,0,0,0
あんか,あんか,不燃ごみ,,,0,0,0,0
安全ピン,あんぜんぴん,不燃ごみ,,,0,0,0,0
安全靴,あんぜんくつ,可燃ごみ,,,0,0,0,0
アンテナ,あんてな,粗大ごみ,,小型のもので不燃ごみの指定袋に入れば「不燃ごみ」,0,0,0,0
アンプ（楽器用）,あんぷ（がっきよう）,粗大ごみ,,小型のもので不燃ごみの指定袋に入れば「不燃ごみ」,0,0,0,0
アンプ（車載用）,あんぷ（しゃさいよう）,小型家電、不燃ごみまたは粗大ごみ,各区役所などの使用済小型家電回収ボックスへ。回収ボックス・不燃ごみ袋に入らないものは粗大ごみ,,1,0,0,1
いこう（衣桁）・えもんかけ,いこう（いこう）・えもんかけ,粗大ごみ,,,0,0,0,0
イコライザー,いこらいざー,不燃ごみまたは粗大ごみ,,,0,0,0,0
石（自然石、漬物石、庭石）,いし（しぜんいし、つけものいし、にわいし）,排出禁止物等,,,1,0,0,0
石臼,いしうす,排出禁止物等,,,1,0,0,0
衣装ケース（プラ製）,いしょうけーす（ぷらせい）,粗大ごみ,,,0,0,0,0
衣装箱・茶箱,いしょうばこ・ちゃばこ,粗大ごみ,,,0,0,0,0
移植ゴテ,いしょくごて,不燃ごみ,,,0,0,0,0
移植ベラ（プラスチック製・金属製）,いしょくべら（ぷらすちっくせい・きんぞくせい）,不燃ごみ,,,0,0,0,0
椅子（いす）,いす（いす）,粗大ごみ,,,0,0,0,0
板（木製）（厚さ10cm以内、長さは可燃ごみ指定袋に入る大きさまで）,いた（もくせい）（あつさ10せんちいない、ながさはかねんごみしていぶくろにはいるおおきさまで）,可燃ごみ,,,0,0,0,0
板（木製）（厚さ10cm超～15cm以内、長さは不燃ごみ指定袋に入る大きさまで）,いた（もくせい）（あつさ10せんちこ～15せんちいない、ながさはふねんごみしていふくろにはいるおおきさまで）,不燃ごみ,,,0,0,0,0
板（木製）（厚さ15cm以内、長さ150cm以内）,いた（もくせい）（あつさ15せんちいない、ながさ150せんちいない）,粗大ごみ,太さや長さがこれを超える場合は、千葉市廃棄物リサイクル事業協同組合（電話043-204-5805）へご相談ください。,,0,0,0,0
板ガラス,いたがらす,不燃ごみまたは粗大ごみ,紙で包み｢危険｣と書いて不燃ごみ指定袋へ（指定袋に入る場合）,,0,0,0,0
一輪車,いちりんしゃ,粗大ごみ,,,0,0,0,0
一升びん,いっしょうびん,資源物,購入店へ返却または（びん・缶・ﾍﾟｯﾄﾎﾞﾄﾙ）の【びん】,水ですすぐ,1,0,0,0
一升びんのフタ（プラ製）,いっしょうびんのふた（ぷらせい）,可燃ごみ,,,0,0,0,0
一升びんのフタ（金属製）,いっしょうびんのふた（きんぞくせい）,資源物,（びん・缶・ﾍﾟｯﾄﾎﾞﾄﾙ）の【缶】,,0,0,0,0
一升びんのフタ（上が金属、下がプラスチック製）,いっしょうびんのふた（あがきんぞく、さがぷらすちっくせい）,資源物,（びん・缶・ﾍﾟｯﾄﾎﾞﾄﾙ）の【缶】,,0,0,0,0
イーティーシー（ETC）車載ユニット,いーてぃーしー（いーてぃーしー）しゃさいゆにっと,小型家電または不燃ごみ,各区役所などの使用済小型家電回収ボックスへ,,1,0,0,1
一斗缶,いっとかん,不燃ごみ,不燃ごみ指定袋（20ℓ）をそれぞれひとつの品目に対して1枚ずつ縛りつけるか、テープなどで貼りつけて排出してください。,,0,0,0,0
一斗樽（木製）,いっとだる（もくせい）,可燃ごみ,,,0,0,0,0
一斗樽（木製以外）,いっとだる（もくせいいがい）,不燃ごみまたは粗大ごみ,,,0,0,0,0
糸・毛糸,いと・けいと,可燃ごみ,,,0,0,0,0
井戸ポンプ（家庭用）,いどぽんぷ（かていよう）,粗大ごみ,,,0,0,0,0
イヌ・ネコのふん,いぬ・ねこのふん,可燃ごみ,,,0,0,0,0
犬小屋・犬用ケージ（柵）,いぬごや・いぬようけーじ（さく）,粗大ごみ,,,0,0,0,0
犬の死体,いぬのしたい,環境事業所へ申込,,,0,0,0,0
犬のトイレ,いぬのといれ,不燃ごみまたは粗大ごみ,,,0,0,0,0
犬のトイレシート・砂,いぬのといれしーと・すな,可燃ごみ,,,0,0,0,0
医薬品（液体のもの）,いやくひん（えきたいのもの）,排出禁止物等,,少量ずつボロ布などに含ませれば「可燃ごみ」で可,1,0,0,0
医薬品（固形のもの）,いやくひん（こけいのもの）,可燃ごみ,,,0,0,0,0
イヤホン・ヘッドホン,いやほん・へっどほん,小型家電または不燃ごみ,各区役所などの使用済小型家電回収ボックスへ（電池は外す）,,1,0,0,1
衣料品の外袋（プラスチック製）,いりょうひんのそとぶくろ（ぷらすちっくせい）,可燃ごみ,,,0,0,0,0
衣料品の留め具（購入した際の型崩れ防止用の留め具）（金属製・プラスチック製）,いりょうひんのとめぐ（こうにゅうしたさいのかたくずれぼうしようのとめぐ）（きんぞくせい・ぷらすちっくせい）,不燃ごみ,,,0,0,0,0
衣類乾燥機,いるいかんそうき,家電リサイクル対象,,,1,0,0,0
衣類乾燥機台,いるいかんそうきだい,粗大ごみ,,,0,0,0,0
入れ歯,いれば,不燃ごみ,,,0,0,0,0
色鉛筆,いろえんぴつ,可燃ごみ,,,0,0,0,0
色紙（いろがみ）,いろがみ（いろがみ）,資源物,（古紙・布類）の【古紙（雑がみ）】金紙、銀紙は「可燃ごみ」へ,,0,0,0,0
印鑑（木製）,いんかん（もくせい）,可燃ごみ,,,0,0,0,0
印鑑（木製以外）,いんかん（もくせいいがい）,不燃ごみ,,,0,0,0,0
インクカートリッジ（パソコンプリンター用）,いんくかーとりっじ（ぱそこんぷりんたーよう）,店頭回収協力店へ,電器店等の店頭回収にご協力ください。お近くに回収協力店がない場合は「不燃ごみ」へ,,1,0,0,0
インクジェット写真プリント用紙,いんくじぇっとしゃしんぷりんとようし,可燃ごみ,,,0,0,0,0
インクリボン,いんくりぼん,可燃ごみ,,,0,0,0,0
インスタントカメラ,いんすたんとかめら,不燃ごみ,,,0,0,0,0
インスタントコーヒーびんの内蓋,いんすたんとこーひーびんのうちぶた,可燃ごみ,,,0,0,0,0
インスタントコーヒー詰め替え用の袋,いんすたんとこーひーつめかえようのふくろ,可燃ごみ,,,0,0,0,0
インスタント食品のタレ・具の袋,いんすたんとしょくひんのたれ・ぐのふくろ,可燃ごみ,,,0,0,0,0
インスタント食品の容器・袋,いんすたんとしょくひんのようき・ふくろ,可燃ごみ,,,0,0,0,0
インターホン,いんたーほん,不燃ごみ,,,0,0,0,0
インラインスケート,いんらいんすけーと,不燃ごみ,,,0,0,0,0
飲料パック（紙製）（内側にコーティングのあるもの）,いんりょうぱっく（かみせい）（うちがわにこーてぃんぐのあるもの）,可燃ごみ,,,0,0,0,0
飲料パック（紙製）（内側にコーティングのないもの）,いんりょうぱっく（かみせい）（うちがわにこーてぃんぐのないもの）,資源物,（古紙・布類）の【古紙（紙パック）】水ですすいで乾かしてからひもで十文字に束ねる,,0,0,0,0
ウィッグ（付け毛）,うぃっぐ（つけげ）,可燃ごみ,,,0,0,0,0
ウインドウファン（送風機、換気扇）,ういんどうふぁん（そうふうき、かんきせん）,不燃ごみまたは粗大ごみ,,,0,0,0,0
ウィンドブレーカー,うぃんどぶれーかー,可燃ごみ,,,0,0,0,0
ウィンナーの包装袋（プラスチック製）,うぃんなーのほうそうふくろ（ぷらすちっくせい）,可燃ごみ,,,0,0,0,0
ウェイクボード,うぇいくぼーど,排出禁止物等,,,1,0,0,0
植木ばさみ,うえきばさみ,不燃ごみ,,,0,0,0,0
植木鉢,うえきばち,不燃ごみまたは粗大ごみ,,,0,0,0,0
植木鉢の土,うえきばちのつち,排出禁止物等,,,1,0,0,0
植木ポット（柔らかいプラスチック製）,うえきぽっと（やわらかいぷらすちっくせい）,可燃ごみ,,,0,0,0,0
ウエストポーチ,うえすとぽーち,可燃ごみ,,,0,0,0,0
ウエットティッシュ,うえっとてぃっしゅ,可燃ごみ,,,0,0,0,0
ウォーターベッド,うぉーたーべっど,粗大ごみ,,,0,0,0,0
ウォッシャー液容器（プラスチック製）,うぉっしゃーえきようき（ぷらすちっくせい）,可燃ごみ,,,0,0,0,0
ウォッシュレット便座,うぉっしゅれっとべんざ,粗大ごみ,,,0,0,0,0
うがい薬の容器（びん・プラスチック製）,うがいくすりのようき（びん・ぷらすちっくせい）,不燃ごみ,,,0,0,0,0
浮き袋（ビニール製）,うきぶくろ（びにーるせい）,可燃ごみ,,,0,0,0,0
浮き輪,うきわ,可燃ごみ,,,0,0,0,0
うちわ,うちわ,可燃ごみ,,,0,0,0,0
ウッドカーペット,うっどかーぺっと,可燃ごみまたは粗大ごみ,,,0,0,0,0
ウッドクラフト,うっどくらふと,可燃ごみまたは粗大ごみ,,,0,0,0,0
ウッドパネル,うっどぱねる,可燃ごみまたは粗大ごみ,,,0,0,0,0
腕時計（ベルトが金属製）,うでどけい（べるとがきんぞくせい）,不燃ごみ,,,0,0,0,0
腕時計（ベルトが金属製以外）,うでどけい（べるとがきんぞくせいいがい）,不燃ごみ,,ベルト部分はなるべく切り離して可燃ごみ,0,0,0,0
乳母車,うばぐるま,粗大ごみ,,,0,0,0,0
羽毛ふとん,うもうふとん,粗大ごみ,可燃ごみの指定袋に入れば「可燃ごみ」,,0,0,0,0
ウレタン製品,うれたんせいひん,可燃ごみ,,,0,0,0,0
運動靴,うんどうぐつ,可燃ごみ,,,0,0,0,0
ACアダプタ,えーしーあだぷた,不燃ごみ,,,0,0,0,0
エアークッション、エアーパッキン（緩衝材）（プラスチック製）,えあーくっしょん、えあーぱっきん（かんしょうざい）（ぷらすちっくせい）,可燃ごみ,,,0,0,0,0
エアーマット,えあーまっと,可燃ごみまたは粗大ごみ,,,0,0,0,0
エアコン（クーラー）,えあこん（くーらー）,家電リサイクル対象,,,1,0,0,0
エアコン（室内機・室外機）,えあこん（しつないき・しつがいき）,家電リサイクル対象,,,1,0,0,0
エアゾール缶,えあぞーるかん,有害ごみ,,,0,0,0,0
エアゾール缶のフタ（プラ製）,えあぞーるかんのふた（ぷらせい）,可燃ごみ,,,0,0,0,0
映像・音響機器,えいぞう・おんきょうきき,不燃ごみまたは粗大ごみ,,,0,0,0,0
HDD（ハードディスク）,えいちでぃーでぃー（はーどでぃすく）,小型家電、不燃ごみまたは粗大ごみ,情報などを消去したうえで、各区役所などの使用済小型家電回収ボックスへ。回収ボックス・不燃ごみ袋に入らないものは粗大ごみ,,1,0,0,1
HDDレコーダー,えいちでぃーでぃーれこーだー,小型家電、不燃ごみまたは粗大ごみ,各区役所などの使用済小型家電回収ボックスへ（投入口に入るものに限る）回収ボックス・不燃ごみ袋に入らないものは粗大ごみ,,1,0,0,1
栄養ドリンクのびん,えいようどりんくのびん,資源物,（びん・缶・ﾍﾟｯﾄﾎﾞﾄﾙ）の【びん】,水ですすぐ,0,0,0,0
液晶ディスプレイ一体型パソコン,えきしょうでぃすぷれいいったいがたぱそこん,排出禁止物等,家庭用パソコンリサイクルについて,,1,0,0,0
液晶テレビ,えきしょうてれび,家電リサイクル対象,,,1,0,0,0
枝（太さ10cm以内、長さ50cm以内）,えだ（ふとさ10せんちいない、ながさ50せんちいない）,資源物,（木の枝・刈り草・葉）・可燃ごみで出す場合は、ひもで束ねて、1回に出す量は片手で持てる量で3束程度排出可。・資源物（木の枝・刈草・葉）の収集日は、片手で持てる量でひもで束ねる。指定袋に入れなくても可。何束でも排出可。（ごみステーションからあふれる場合など多量になるときは、分けて排出してください。）,,0,0,0,0
枝（太さ10cm以内、長さ50cm以内）,えだ（ふとさ10せんちいない、ながさ50せんちいない）,可燃ごみ,・可燃ごみで出す場合は、ひもで束ねて、1回に出す量は片手で持てる量で3束程度排出可。・資源物（木の枝・刈草・葉）の収集日は、片手で持てる量でひもで束ねる。指定袋に入れなくても可。何束でも排出可。（ごみステーションからあふれる場合など多量になるときは、分けて排出してください。）,,0,0,0,0
枝（太さ15cm以内、長さ100cm超～150cm以内）,えだ（ふとさ15せんちいない、ながさ100せんちちょう～150せんちいない）,粗大ごみ,・太さ20cm以内、長さ100cm以内であれば、資源物（木の枝・刈り草・葉）の収集日に排出可。・太さ15cm超又は長さ150cm超の場合は、千葉市廃棄物リサイクル事業協同組合（電話043-204-5805）へご相談ください。,,0,0,0,0
枝（太さ20cm以内、長さ100cm以内）,えだ（ふとさ20せんちいない、ながさ100せんちいない）,資源物,（木の枝・刈り草・葉）・ひもで片手で持てる重さまでに束ねる。指定袋に入れなくても可。何束でも排出可。（ごみステーションからあふれる場合など多量になるときは、分けて排出してください。）・太さや長さがこれを超える場合は、千葉市廃棄物リサイクル事業協同組合（電話043-204-5805）へご相談ください。,,0,0,0,0
枝切りバサミ,えだきりばさみ,不燃ごみまたは粗大ごみ,,,0,0,0,0
絵の具,えのぐ,可燃ごみ,,,0,0,0,0
絵の具チューブ,えのぐちゅーぶ,可燃ごみ,,,0,0,0,0
絵筆,えふで,可燃ごみ,,,0,0,0,0
MD（ケースを含む）,えむでぃー（けーすをふくむ）,不燃ごみ,,,0,0,0,0
MDレコーダー,えむでぃーれこーだー,不燃ごみまたは粗大ごみ,,,0,0,0,0
MOディスク・ケース,えむおーでぃすく・けーす,不燃ごみ,,,0,0,0,0
LEDライト,えるいーでぃーらいと,不燃ごみ,,,0,0,0,0
LD・LDのケース,えるでぃー・えるでぃーのけーす,不燃ごみ,,,0,0,0,0
LDプレーヤー,えるでぃーぷれーやー,粗大ごみ,,,0,0,0,0
LPガスボンベ,えるぴーがすぼんべ,排出禁止物等,購入店または（一社）千葉県LPガス協会,,1,0,0,0
エレキギター,えれきぎたー,粗大ごみ,,,0,0,0,0
エレクトーン（電子オルガン）,えれくとーん（でんしおるがん）,粗大ごみ,サイドフレーム・ペダル鍵盤などがないもの又は外してあるもの、長さが1.5m以下または1.5m以下に切断してあるものであること。長さが1.5mを超えるものは、購入店、メーカーなどに相談（又は千葉市が許可した下記処理業者）,,0,0,0,0
絵を描いた画用紙,えをかいたがようし,可燃ごみ,,,0,0,0,0
園芸用の支柱,えんげいようのしちゅう,不燃ごみまたは粗大ごみ,不燃ごみの指定袋に入る大きさに切断すれば「不燃ごみ」,,0,0,0,0
園芸用の土,えんげいようのつち,排出禁止物等,,,1,0,0,0
園芸用の農薬,えんげいようののうやく,排出禁止物等,,,1,0,0,0
エンジンオイル（中身）,えんじんおいる（なかみ）,排出禁止物等,,,1,0,0,0
エンジンオイルの缶,えんじんおいるのかん,不燃ごみ,,,0,0,0,0
縁石,えんせき,排出禁止物等,,,1,0,0,0
縁台,えんだい,粗大ごみ,,,0,0,0,0
延長コード・テーブルタップ,えんちょうこーど・てーぶるたっぷ,小型家電または不燃ごみ,各区役所などの使用済小型家電回収ボックスへ,,1,0,0,1
塩ビ管,えんびかん,不燃ごみまたは粗大ごみ,,,0,0,0,0
鉛筆・鉛筆の芯,えんぴつ・えんぴつのしん,可燃ごみ,,,0,0,0,0
鉛筆削り（手動・電動）,えんぴつけずり（しゅどう・でんどう）,不燃ごみ,,,0,0,0,0
オイル（食用・自動車用・バイク用など）,おいる（しょくよう・じどうしゃよう・ばいくようなど）,排出禁止物等,,少量ずつボロ布などに含ませれば「可燃ごみ」で可,1,0,0,0
オイルヒーター,おいるひーたー,粗大ごみ,,,0,0,0,0
オイル缶（食用）,おいるかん（しょくよう）,資源物,（びん・缶・ﾍﾟｯﾄﾎﾞﾄﾙ）の【缶】,水ですすぐ,0,0,0,0
オイル缶（食用以外）,おいるかん（しょくよういがい）,不燃ごみ,,,0,0,0,0
オイル容器（プラスチック製）,おいるようき（ぷらすちっくせい）,可燃ごみ,,,0,0,0,0
王冠（金属製フタ）,おうかん（きんぞくせいふた）,資源物,（びん・缶・ﾍﾟｯﾄﾎﾞﾄﾙ）の【缶】http://www.city.chiba.jp/kankyo/junkan/shushugyomu/syusyushinai.html／http://www.city.chiba.jp/kankyo/junkan/shushugyomu/syusyushinai.html,,1,0,0,0
応接用いす（コイルスプリング又はポケットコイルあり）,おうせつよういす（こいるすぷりんぐまたはぽけっとこいるあり）,排出禁止物等,購入店、メーカーなどに相談（又は千葉市が許可した下記処理業者）,,1,0,0,0
応接用いす（コイルスプリング又はポケットコイルなし）,おうせつよういす（こいるすぷりんぐまたはぽけっとこいるなし）,粗大ごみ,,コイルスプリング又はポケットコイルの有無は製造メーカーにお問い合わせいただくか、カッターなどで切り開いて確認してください。,0,0,0,0
オーディオセット,おーでぃおせっと,粗大ごみ,,,0,0,0,0
オーディオラック（オーディオボード）,おーでぃおらっく（おーでぃおぼーど）,粗大ごみ,,,0,0,0,0
オーディオ機器,おーでぃおきき,粗大ごみ,,,0,0,0,0
オートバイ・原動機付自転車,おーとばい・げんどうきつきじてんしゃ,排出禁止物等,二輪車リサイクルコールセンターTEL：050-3000-0727https://www.jarc.or.jp/motorcycle/,,1,0,0,0
オーバーコート,おーばーこーと,資源物,（古紙・布類）の【布類】,毛皮や綿の入ったものは可燃ごみまたは粗大ごみ,0,0,0,0
オーブントースター,おーぶんとーすたー,不燃ごみまたは粗大ごみ,,,0,0,0,0
オーブンレンジ,おーぶんれんじ,不燃ごみまたは粗大ごみ,,,0,0,0,0
桶・たらい（木製）,おけ・たらい（もくせい）,可燃ごみまたは粗大ごみ,,,0,0,0,0
桶・たらい（木製以外）,おけ・たらい（もくせいいがい）,不燃ごみまたは粗大ごみ,,,0,0,0,0
押し入れ収納ラック,おしいれしゅうのうらっく,不燃ごみまたは粗大ごみ,,,0,0,0,0
押しピン　,おしぴん　,不燃ごみ,,,0,0,0,0
押しピンケース,おしぴんけーす,不燃ごみ,,,0,0,0,0
おしゃぶり,おしゃぶり,可燃ごみ,,,0,0,0,0
落ち葉・枯葉,おちば・かれは,資源物,（木の枝・刈り草・葉）・可燃・不燃ごみ旧指定袋を含む、透明・半透明袋で排出できます。何袋でも排出可。（ごみステーションからあふれる場合など多量になるときは、分けて排出してください。）・1回につき3袋程度までであれば、可燃ごみでも排出可,,0,0,0,0
落ち葉・枯葉,おちば・かれは,可燃ごみ,・可燃・不燃ごみ旧指定袋を含む、透明・半透明袋で排出できます。何袋でも排出可。（ごみステーションからあふれる場合など多量になるときは、分けて排出してください。）・1回につき3袋程度までであれば、可燃ごみでも排出可,,0,0,0,0
斧,おの,不燃ごみまたは粗大ごみ,紙で包み｢危険｣と書いて不燃ごみ指定袋へ（指定袋に入る場合）,,0,0,0,0
おはじき,おはじき,不燃ごみ,,,0,0,0,0
おひつ（御櫃）（木製）,おひつ（おひつ）（もくせい）,可燃ごみ,,,0,0,0,0
おひつ（木製以外）,おひつ（もくせいいがい）,不燃ごみ,,,0,0,0,0
汚物入れ,おぶついれ,不燃ごみ,,,0,0,0,0
お盆・トレー（木製）,おぼん・とれー（もくせい）,可燃ごみ,,,0,0,0,0
お盆・トレー（木製以外）,おぼん・とれー（もくせいいがい）,不燃ごみ,,,0,0,0,0
おまる（便器）,おまる（べんき）,粗大ごみ,,,0,0,0,0
おむつ（紙・布）,おむつ（かみ・ぬの）,可燃ごみ,汚物はトイレに流してから。小袋に入れてから指定袋に入れられます。,,0,0,0,0
おもちゃ（木製・布製など）,おもちゃ（きせい・ぬのせいなど）,可燃ごみ,,,0,0,0,0
おもちゃ（その他）,おもちゃ（そのた）,不燃ごみ,,,0,0,0,0
おもちゃの空き箱（紙製）,おもちゃのあきはこ（かみせい）,資源物,（古紙・布類）の【古紙（雑がみ）】,,0,0,0,0
錘（おもり）,おもり（おもり）,不燃ごみ,,,0,0,0,0
折り紙（金紙・銀紙を除く）,おりがみ（きんかみ・ぎんかみをのぞく）,資源物,（古紙・布類）の【古紙（雑がみ）】,,0,0,0,0
折り紙（金紙・銀紙）,おりがみ（きんかみ・ぎんかみ）,可燃ごみ,,,0,0,0,0
折り込みチラシ（新聞）,おりこみちらし（しんぶん）,資源物,（古紙・布類）の【古紙（新聞）】,,0,0,0,0
折りたたみ傘,おりたたみかさ,不燃ごみ,,,0,0,0,0
オルガン・電子ピアノ,おるがん・でんしぴあの,粗大ごみ,サイドフレーム・ペダル鍵盤などがないもの又は外してあるもの、長さが1.5m以下または1.5m以下に切断してあるものであること。長さが1.5mを超えるものは、購入店、メーカーなどに相談（又は千葉市が許可した下記処理業者）,,0,0,0,0
オルゴール,おるごーる,不燃ごみ,,,0,0,0,0
おろしがね（おろし器）,おろしがね（おろしうつわ）,不燃ごみ,,,0,0,0,0
おわん（木製）,おわん（もくせい）,可燃ごみ,,,0,0,0,0
おわん（木製以外）,おわん（もくせいいがい）,不燃ごみ,,,0,0,0,0
温水器（電気・ガス）,おんすいき（でんき・がす）,粗大ごみ,,,0,0,0,0
温水洗浄機能付便座,おんすいせんじょうきのうつきべんざ,粗大ごみ,,,0,0,0,0
温度計（水銀入り）,おんどけい（すいぎんいり）,有害ごみ,,,0,0,0,0
温度計（水銀入り以外のもの）,おんどけい（すいぎんいりいがいのもの）,不燃ごみ,,,0,0,0,0
温風ヒーター,おんぷうひーたー,粗大ごみ,,,0,0,0,0
お菓子の缶,おかしのかん,資源物,（びん・缶・ﾍﾟｯﾄﾎﾞﾄﾙ）の【缶】,,0,0,0,0
お菓子の個包装・袋（プラスチック製）,おかしのこづつみそう・ふくろ（ぷらすちっくせい）,可燃ごみ,,,0,0,0,0
お菓子の箱（紙製）,おかしのはこ（かみせい）,資源物,（古紙・布類）の【古紙（雑がみ）】,,0,0,0,0
お玉（調理用具）,おたま（ちょうりようぐ）,不燃ごみ,,,0,0,0,0
お茶の缶,おちゃのかん,資源物,（びん・缶・ﾍﾟｯﾄﾎﾞﾄﾙ）の【缶】,,0,0,0,0
お茶の袋（ティーパック）,おちゃのふくろ（てぃーぱっく）,可燃ごみ,,,0,0,0,0
お茶の袋（外袋）,おちゃのふくろ（そとぶくろ）,可燃ごみ,,,0,0,0,0
お茶の入っていた袋（プラスチック製）,おちゃのいっっていたふくろ（ぷらすちっくせい）,可燃ごみ,,,0,0,0,0
お茶の入っていた袋（紙製）,おちゃのいっっていたふくろ（かみせい）,可燃ごみ,,,0,0,0,0
カーアンプ,かーあんぷ,小型家電、不燃ごみまたは粗大ごみ,各区役所などの使用済小型家電回収ボックスへ。回収ボックス・不燃ごみ袋に入らないものは粗大ごみ,,1,0,0,1
カーMDプレイヤー,かーえむでぃーぷれいやー,小型家電または不燃ごみ,各区役所などの使用済小型家電回収ボックスへ,,1,0,0,1
カーカラーテレビ,かーからーてれび,小型家電または不燃ごみ,各区役所などの使用済小型家電回収ボックスへ,,1,0,0,1
カーコンポ,かーこんぽ,不燃ごみ,,,0,0,0,0
カーCDプレイヤー,かーしーでぃーぷれいやー,小型家電または不燃ごみ,各区役所などの使用済小型家電回収ボックスへ,,1,0,0,1
カーステレオ,かーすてれお,小型家電または不燃ごみ,各区役所などの使用済小型家電回収ボックスへ,,1,0,0,1
カーDVDプレイヤー,かーでぃーぶいでぃーぷれいやー,小型家電または不燃ごみ,各区役所などの使用済小型家電回収ボックスへ,,1,0,0,1
カーテン,かーてん,可燃ごみ,,,0,0,0,0
カーテンレール,かーてんれーる,粗大ごみ,,,0,0,0,0
カートカン（間伐材を使った飲料容器）,かーとかん（かんばつざいをつかったいんりょうようき）,可燃ごみ,,,0,0,0,0
カード類,かーどるい,可燃ごみ,,,0,0,0,0
カーナビ,かーなび,小型家電または不燃ごみ,各区役所などの使用済小型家電ボックスへ,,1,0,0,1
カーペット・じゅうたん（織物製）・ラグマット,かーぺっと・じゅうたん（おりものせい）・らぐまっと,可燃ごみまたは粗大ごみ,,,0,0,0,0
カーペットローラー,かーぺっとろーらー,不燃ごみ,,,0,0,0,0
カーポート（解体したもの）,かーぽーと（かいたいしたもの）,粗大ごみ,,,0,0,0,0
カーボン紙,かーぼんかみ,可燃ごみ,,,0,0,0,0
カーラジオ,かーらじお,小型家電または不燃ごみ,各区役所などの使用済小型家電回収ボックスへ,,1,0,0,1
懐中電灯,かいちゅうでんとう,小型家電または不燃ごみ,各区役所などの使用済小型家電回収ボックスへ（電池は外す）,,1,0,0,1
貝の殻（牡蠣・あさりなど）,かいのから（かき・あさりなど）,可燃ごみ,,,0,0,0,0
買い物カート（ショッピングカー、シルバーカー）,かいものかーと（しょっぴんぐかー、しるばーかー）,粗大ごみ,,,0,0,0,0
買い物かご（プラスチック製・金属製）,かいものかご（ぷらすちっくせい・きんぞくせい）,不燃ごみまたは粗大ごみ,,,0,0,0,0
買い物かご（木製・布製）,かいものかご（もくせい・ぬのせい）,可燃ごみ,,,0,0,0,0
買い物袋（スーパーなどのレジ袋）,かいものぶくろ（すーぱーなどのれじふくろ）,可燃ごみ,,,0,0,0,0
カイロ（金属製）,かいろ（きんぞくせい）,不燃ごみ,,,0,0,0,0
カイロ（使い捨て）,かいろ（つかいすて）,可燃ごみ,,,0,0,0,0
香りのついた紙,かおりのついたかみ,可燃ごみ,,,0,0,0,0
化学薬品,かがくやくひん,排出禁止物等,,,1,0,0,0
鏡,かがみ,不燃ごみまたは粗大ごみ,,,0,0,0,0
鍵,かぎ,不燃ごみ,,,0,0,0,0
かき氷機,かきこおりき,不燃ごみまたは粗大ごみ,,,0,0,0,0
角材（太さ10cm以内、長さは可燃ごみ指定袋に入る大きさまで）,かくざい（ふとさ10せんちいないながながさかねんねんごしていふくろふくろはいにゅうおおおおきさまで）,可燃ごみ,,,0,0,0,0
角材（太さ10cm超～15cm以内、長さは不燃ごみ指定袋に入る大きさまで）,かくざい（ふとさ10せんちこ～15せんちいない、ながさはふねんごみしていふくろにはいるおおきさまで）,不燃ごみ,,,0,0,0,0
角材（太さ15cm以内、長さ150cm以内）,かくざい（ふとさ15せんちいないながながさ150せんちいない）,粗大ごみ,太さや長さがこれを超える場合は、千葉市廃棄物リサイクル事業協同組合（電話043-204-5805）へご相談ください。,,0,0,0,0
学習机,がくしゅうつくえ,粗大ごみ,,,0,0,0,0
学生服,がくせいふく,可燃ごみ,,,0,0,0,0
額縁（木製）,がくぶち（もくせい）,可燃ごみまたは粗大ごみ,,,0,0,0,0
額縁（木製以外）,がくぶち（もくせいいがい）,不燃ごみまたは粗大ごみ,,,0,0,0,0
掛け布団,かけぶとん,粗大ごみ,,,0,0,0,0
かご（硬いプラスチック製・金属製）,かご（かたいぷらすちっくせい・きんぞくせい）,市の拠点回収、不燃ごみまたは粗大ごみ,小型のもので不燃ごみの指定袋に入れば不燃ごみ。ポリプロピレン製、ポリエチレン製、ポリスチレン製のものは、各区役所等に設置の回収ボックスへ。,,1,0,0,0
かご（その他）,かご（そのた）,可燃ごみ,,,0,0,0,0
傘,かさ,不燃ごみ,10ℓまたは20ℓの不燃ごみ指定袋に入れて排出可。他の不燃ごみと一緒に入れて、何本でも排出できます。傘は、はみ出していても排出可、他の不燃ごみは、はみ出さないように入れて、口を縛って排出してください。,,0,0,0,0
火災警報器（住宅用）,かさいけいほうき（じゅうたくよう）,不燃ごみ,,,0,0,0,0
傘立て（木製・ゴム製）,かさたて（もくせい・ごむせい）,可燃ごみまたは粗大ごみ,,,0,0,0,0
傘立て（その他）,かさたて（そのた）,不燃ごみまたは粗大ごみ,,,0,0,0,0
加湿器,かしつき,不燃ごみまたは粗大ごみ,,,0,0,0,0
菓子等の空き箱（紙製）,かしとうのあきばこ（かみせい）,資源物,（古紙・布類）の【古紙（雑がみ）】,,0,0,0,0
菓子等の空き箱（木製）,かしとうのあきばこ（もくせい）,可燃ごみ,,,0,0,0,0
菓子の缶（金属製）,かしのかん（きんぞくせい）,資源物,（びん・缶・ﾍﾟｯﾄﾎﾞﾄﾙ）の【缶】,,0,0,0,0
菓子箱（紙製）,かしばこ（かみせい）,資源物,（古紙・布類）の【古紙（雑がみ）】,,0,0,0,0
菓子箱・缶の中仕切り（プラスチック製）,かしばこ・かんのなかしきり（ぷらすちっくせい）,可燃ごみ,,,0,0,0,0
菓子袋（紙製）,かしぶくろ（かみせい）,可燃ごみ,,,0,0,0,0
菓子袋（プラ製）,かしぶくろ（ぷらせい）,可燃ごみ,,,0,0,0,0
ガスオーブンレンジ,がすおーぶんれんじ,粗大ごみ,,,0,0,0,0
ガスコンロ・ガステーブル,がすこんろ・がすてーぶる,粗大ごみ,,,0,0,0,0
ガスストーブ,がすすとーぶ,粗大ごみ,,,0,0,0,0
ガスファンヒーター,がすふぁんひーたー,不燃ごみまたは粗大ごみ,,,0,0,0,0
ガスボンベ（LP・プロパン）,がすぼんべ（えるぴー・ぷろぱん）,排出禁止物等,購入店または（一社）千葉県LPガス協会,,1,0,0,0
ガスボンベ（卓上カートリッジ式）,がすぼんべ（たくじょうかーとりっじしき）,有害ごみ,,,0,0,0,0
ガスボンベのフタ,がすぼんべのふた,可燃ごみ,,,0,0,0,0
ガスライター（使い捨てガスライター）,がすらいたー（つかいすてがすらいたー）,有害ごみ,,,0,0,0,0
ガスレンジ,がすれんじ,粗大ごみ,,,0,0,0,0
ガスレンジマット（アルミはく製）,がすれんじまっと（あるみはくせい）,不燃ごみまたは粗大ごみ,,,0,0,0,0
ガス台,がすだい,粗大ごみ,,,0,0,0,0
ガス炉（陶芸用）,がすろ（とうげいよう）,粗大ごみ,,,0,0,0,0
カセット（卓上）コンロ（本体）,かせっと（たくじょう）こんろ（ほんたい）,不燃ごみまたは粗大ごみ,,,0,0,0,0
カセットコンロ用ボンベ,かせっとこんろようぼんべ,有害ごみ,,,0,0,0,0
カセットテープ,かせっとてーぷ,可燃ごみ,,,0,0,0,0
カセットテープのケース（プラスチック製）,かせっとてーぷのけーす（ぷらすちっくせい）,不燃ごみ,,,0,0,0,0
カセットデッキ,かせっとでっき,不燃ごみまたは粗大ごみ,,,0,0,0,0
カセット式ガスコンロ,かせっとしきがすこんろ,不燃ごみ,,,0,0,0,0
カセット式ガスボンベ,かせっとしきがすぼんべ,有害ごみ,,,0,0,0,0
カセット式ガスボンベのフタ,かせっとしきがすぼんべのふた,可燃ごみ,,,0,0,0,0
カセット式テープレコーダー,かせっとしきてーぷれこーだー,不燃ごみまたは粗大ごみ,,,0,0,0,0
ガソリン,がそりん,排出禁止物等,,,1,0,0,0
ガソリン携行缶,がそりんけいこうかん,不燃ごみまたは粗大ごみ,,,0,0,0,0
型抜き（プラスチック製・金属製）,かたぬき（ぷらすちっくせい・きんぞくせい）,不燃ごみ,,,0,0,0,0
カタログ,かたろぐ,資源物,（古紙・布類）の【古紙（雑誌）】,表紙部分が紙以外の素材は取り除く。端をちぎった時にフィルム状のものが見えたら、コーティングがあるものです。コーティングのあるものは「可燃ごみ」へ。,0,0,0,0
楽器類（木製）,がっきるい（もくせい）,可燃ごみまたは粗大ごみ,,,0,0,0,0
楽器類（木製以外）,がっきるい（もくせいいがい）,不燃ごみまたは粗大ごみ,,,0,0,0,0
カッター（刃を含む）,かったー（はをふくむ）,不燃ごみ,,,0,0,0,0
カッターナイフ,かったーないふ,不燃ごみ,,,0,0,0,0
カット綿,かっとめん,可燃ごみ,,,0,0,0,0
カット綿の包装袋（プラスチック製）,かっとめんのほうそうふくろ（ぷらすちっくせい）,可燃ごみ,,,0,0,0,0
かっぱ・合羽（雨具）,かっぱ・かっぱ（あまぐ）,可燃ごみ,,,0,0,0,0
カップ（陶器製）,かっぷ（とうきせい）,不燃ごみ,,,0,0,0,0
カップボード,かっぷぼーど,粗大ごみ,,,0,0,0,0
カップ麺・カップスープ・カップ味噌汁などの容器、具・スープの袋（紙製・プラスチック製）,かっぷめん・かっぷすーぷ・かっぷみそしるなどのようき、ぐ・すーぷのふくろ（かみせい・ぷらすちっくせい）,可燃ごみ,,,0,0,0,0
カップ麺のフタ,かっぷめんのふた,可燃ごみ,,,0,0,0,0
カップ麺の外包装フィルム,かっぷめんのがいほうよそふぃるむ,可燃ごみ,,,0,0,0,0
かつら（つけ毛）,かつら（つけけ）,可燃ごみ,,,0,0,0,0
家庭用廃油（食用植物性、天ぷら油等）,かていようはいゆ（しょくようしょくぶつせい、てんぷらあぶらなど）,回収場所へ,回収場所はこちらでご確認ください。,少量ずつボロ布などに含ませれば「可燃ごみ」で可,1,0,0,0
家庭用廃油（ラード等の食用動物性や不明な食用油）,かていようはいゆ（らーどなどのしょくようどうぶつせいやふめいなしょくようあぶら）,排出禁止物等,,少量ずつボロ布などに含ませれば「可燃ごみ」で可,1,0,0,0
蚊取り線香入れ・蚊とり器・蚊やり ,かとりせんこういれ・かとりうつわ・かやりやり,不燃ごみ,,,0,0,0,0
蚊取りマット,かとりまっと,可燃ごみ,,,0,0,0,0
金槌（かなづち）（日曜大工道具）,かなづち（かなづち）（にちようだいくどうぐ）,不燃ごみ,,,0,0,0,0
加熱式タバコ,かねつしきたばこ,排出禁止物等,購入店、メーカーなどに相談(バッテリーを除去できれば不燃ごみとして排出可),,1,0,0,0
画板（木製）,がばん（もくせい）,可燃ごみ,,,0,0,0,0
画板（木製以外）,がばん（もくせいいがい）,不燃ごみまたは粗大ごみ,,,0,0,0,0
かばん（布製・革製・合皮製・ビニール製・プラ製）,かばん（ぬのせい・かわせい・ごうひせい・びにーるせい・ぷらせい）,可燃ごみ,,,0,0,0,0
かばん（アルミ製等の本体が金属でできたもの）,かばん（あるみせいとうのほんたいがきんぞくでできたもの）,不燃ごみ,,,0,0,0,0
画びょう,がびょう,不燃ごみ,,,0,0,0,0
花瓶,かびん,不燃ごみまたは粗大ごみ,,,0,0,0,0
壁紙,かべがみ,可燃ごみまたは粗大ごみ,,,0,0,0,0
釜,かま,不燃ごみまたは粗大ごみ,,,0,0,0,0
鎌,かま,不燃ごみまたは粗大ごみ,,,0,0,0,0
かまぼこの板,かまぼこのいた,可燃ごみ,,,0,0,0,0
紙おしぼり,かみおしぼり,可燃ごみ,,,0,0,0,0
紙おむつ,かみおむつ,可燃ごみ,,,0,0,0,0
紙缶・紙皿（飲料用・菓子用など）,かみかん・かみざら（いんりょうよう・かしようなど）,可燃ごみ,,,0,0,0,0
紙きれ（メモ用紙など）,かみきれ（めもようしなど）,資源物,（古紙・布類）の【古紙（雑がみ）】,,0,0,0,0
紙コップ,かみこっぷ,可燃ごみ,,,0,0,0,0
かみそり・シェーバー,かみそり・しぇーばー,不燃ごみ,,,0,0,0,0
かみそりの刃,かみそりのは,不燃ごみ,,,0,0,0,0
かみそり機,かみそりき,不燃ごみ,,,0,0,0,0
紙ナプキン,かみなぷきん,可燃ごみ,,,0,0,0,0
紙粘土,かみねんど,可燃ごみ,,,0,0,0,0
紙パック,かみぱっく,可燃ごみ,,,0,0,0,0
紙パック（500ｍℓ以上のもので内側が白色のもの）,かみぱっく（500みりりっとるいじょうのものでうちがわがはくしょくのもの）,資源物,（古紙・布類）の【古紙（紙パック）】水ですすいで乾かしてからひもで十文字に束ねる,,0,0,0,0
紙パック（500ｍℓ未満のもの）,かみぱっく（500みりりっとるみまんのもの）,可燃ごみ,,,0,0,0,0
紙パック（内側にアルミコーティングのあるもの）,かみぱっく（うちがわにあるみこーてぃんぐのあるもの）,可燃ごみ,,,0,0,0,0
紙袋,かみぶくろ,資源物,（古紙・布類）の【古紙（雑がみ）】,持ち手部分が紙以外の素材は取り除く。端をちぎった時にフィルム状のものが見えたら、コーティングがあるものです。コーティングのあるものは「可燃ごみ」へ。,0,0,0,0
紙やすり,かみやすり,可燃ごみ,,,0,0,0,0
ガム,がむ,可燃ごみ,,,0,0,0,0
ガム・キャラメルなどの個別の包装紙,がむ・きゃらめるなどのこべつのほうそうし,可燃ごみ,,,0,0,0,0
ガムテープ,がむてーぷ,可燃ごみ,,,0,0,0,0
ガムの包装（銀紙の個包装）,がむのほうそう（ぎんかみのこほうそう）,可燃ごみ,,,0,0,0,0
ガムの包装（紙製の外包）,がむのほうそう（かみせいのがいほう）,資源物,（古紙・布類）の【古紙（雑がみ）】http://www.city.chiba.jp/kankyo/junkan/haikibutsu/haisyokuyu.html／http://www.city.chiba.jp/kankyo/junkan/haikibutsu/haisyokuyu.html,,1,0,0,0
カメラ,かめら,小型家電または不燃ごみ,各区役所などの使用済小型家電ボックスへ（電池は外す、投入口に入るものに限る）,,1,0,0,1
カメラのケース（皮革・布製）,かめらのけーす（ひかく・ぬのせい）,可燃ごみ,,,0,0,0,0
蚊帳（かや）,かや（かや）,可燃ごみ,,,0,0,0,0
火薬,かやく,排出禁止物等,,,1,0,0,0
画用紙（クレヨン等油性のもので描いたもの）,がようし（くれよんとうゆせいのものでかいたもの）,可燃ごみ,,,0,0,0,0
画用紙（その他）,がようし（そのた）,資源物,（古紙・布類）の【古紙（雑がみ）】,,0,0,0,0
カラーボックス,からーぼっくす,粗大ごみ,,,0,0,0,0
カラオケ（ハンディタイプ）,からおけ（はんでぃたいぷ）,不燃ごみまたは粗大ごみ,,,0,0,0,0
カラオケ（家庭用スピーカー式）,からおけ（かていようすぴーかーしき）,粗大ごみ,,,0,0,0,0
カラオケセット,からおけせっと,粗大ごみ,,,0,0,0,0
からしのチューブ（フタを含む）,からしのちゅーぶ（ふたをふくむ）,可燃ごみ,,,0,0,0,0
ガラスくず（破片）,がらすくず（はへん）,不燃ごみ,紙で包み｢危険｣と書いて不燃ごみ指定袋へ（指定袋に入る場合）,,0,0,0,0
ガラスクリーナー容器（プラスチック製）,がらすくりーなーようき（ぷらすちっくせい）,可燃ごみ,,,0,0,0,0
ガラス戸,がらすこ,粗大ごみ,,,0,0,0,0
ガラス食器類,がらすしょっきるい,不燃ごみ,,,0,0,0,0
ガラス製品,がらすせいひん,不燃ごみ,,,0,0,0,0
ガラス板,がらすいた,不燃ごみまたは粗大ごみ,割れた物は、紙で包み｢危険｣と書いて不燃ごみ指定袋へ（指定袋に入る場合）,,0,0,0,0
刈り草,かりくさ,資源物,（木の枝・刈り草・葉）・可燃・不燃ごみ旧指定袋を含む、透明・半透明袋で排出できます。何袋でも排出可。（ごみステーションからあふれる場合など多量になるときは、分けて排出してください。）・1回につき3袋程度までであれば、可燃ごみでも排出可,,0,0,0,0
刈り草,かりくさ,可燃ごみ,・可燃・不燃ごみ旧指定袋を含む、透明・半透明袋で排出できます。何袋でも排出可。（ごみステーションからあふれる場合など多量になるときは、分けて排出してください。）・1回につき3袋程度までであれば、可燃ごみでも排出可,,0,0,0,0
軽石,かるいし,排出禁止物等,,,1,0,0,0
カレー（ルゥ）の容器（仕切りトレイ）・フィルム（プラスチック製）,かれー（るぅ）のようき（しきりとれい）・ふぃるむ（ぷらすちっくせい）,可燃ごみ,,,0,0,0,0
カレー（レトルト）の袋（プラスチック製）,かれー（れとると）のふくろ（ぷらすちっくせい）,可燃ごみ,,,0,0,0,0
枯葉（木の葉）,かれは（このは）,資源物,（木の枝・刈り草・葉）・可燃・不燃ごみ旧指定袋を含む、透明・半透明袋で排出できます。何袋でも排出可。（ごみステーションからあふれる場合など多量になるときは、分けて排出してください。）・1回につき3袋程度までであれば、可燃ごみでも排出可,,0,0,0,0
枯葉（木の葉）,かれは（このは）,可燃ごみ,・可燃・不燃ごみ旧指定袋を含む、透明・半透明袋で排出できます。何袋でも排出可。（ごみステーションからあふれる場合など多量になるときは、分けて排出してください。）・1回につき3袋程度までであれば、可燃ごみでも排出可,,0,0,0,0
カレンダー,かれんだー,資源物,（古紙・布類）の【古紙（雑がみ）】金属部分は取り外して不燃ごみへ,,0,0,0,0
革製品（衣類）,かわせいひん（いるい）,可燃ごみ,,,0,0,0,0
革製品（衣類以外の物）,かわせいひん（いるいいがいのもの）,可燃ごみ,,,0,0,0,0
皮むき器（ピーラー）,かわむきき（ぴーらー）,不燃ごみ,,,0,0,0,0
瓦（3枚程度まで）,かわら（3まいていどまで）,不燃ごみ,量が多い場合は、購入店や施工業者等へ相談,,0,0,0,0
缶（飲食用）,かん（いんしょくよう）,資源物,（びん・缶・ﾍﾟｯﾄﾎﾞﾄﾙ）の【缶】,水ですすぐ,0,0,0,0
缶（飲食用以外）,かん（いんしょくよういがい）,不燃ごみ,,,0,0,0,0
缶（飲食用以外）のフタ（金属製）,かん（いんしょくよういがい）のふた（きんぞくせい）,不燃ごみ,,,0,0,0,0
缶（飲食用）のフタ（金属製）,かん（いんしょくよう）のふた（きんぞくせい）,資源物,（びん・缶・ﾍﾟｯﾄﾎﾞﾄﾙ）の【缶】,,0,0,0,0
缶のフタ（柔らかいプラスチック製）,かんのふた（やわらかいぷらすちっくせい）,可燃ごみ,,,0,0,0,0
缶切り,かんきり,不燃ごみ,,,0,0,0,0
簡易式洋式便座,かんいしきようしきべんざ,粗大ごみ,,,0,0,0,0
管楽器・弦楽器（木製）,かんがっき・げんがっき（もくせい）,可燃ごみまたは粗大ごみ,,,0,0,0,0
管楽器・弦楽器（木製以外）,かんがっき・げんがっき（もくせいいがい）,不燃ごみまたは粗大ごみ,,,0,0,0,0
換気扇,かんきせん,不燃ごみまたは粗大ごみ,,,0,0,0,0
換気扇のフィルター,かんきせんのふぃるたー,可燃ごみ,,,0,0,0,0
感光紙・感熱紙,かんこうし・かんねつし,可燃ごみ,,,0,0,0,0
緩衝材（プラスチック製・紙製）,かんしょうざい（ぷらすちっくせい・かみせい）,可燃ごみ,,,0,0,0,0
乾燥機（衣類用）,かんそうき（いるいよう）,家電リサイクル対象,,,1,0,0,0
乾燥機（食器用、布団用）,かんそうき（しょっきよう、ふとんよう）,不燃ごみまたは粗大ごみ,,,0,0,0,0
乾燥剤（シリカゲル）,かんそうざい（しりかげる）,可燃ごみ,,,0,0,0,0
乾電池,かんでんち,有害ごみ,,,0,0,0,0
乾電池（充電式）,かんでんち（じゅうでんしき）,市の拠点回収または店舗回収協力店,一般社団法人JBRC（回収協力店が検索できます）／市内の環境事業所、新浜リサイクルセンターに持ち込む。,,1,1,0,0
かんな,かんな,不燃ごみ,,,0,0,0,0
感熱紙（レシートなど熱により発色する紙）,かんねつし（れしーとなどねつによりはっしょくするかみ）,可燃ごみ,,コインや爪などで強くこすると色が浮き出るものは感熱紙です。,0,0,0,0
感熱発泡紙（点字本等）,かんねつはっぽうし（てんじほんなど）,可燃ごみ,,,0,0,0,0
乾物の缶,いぬいぶつのかん,資源物,（びん・缶・ﾍﾟｯﾄﾎﾞﾄﾙ）の【缶】,,0,0,0,0
木（庭木）の枝・幹・根（太さ10cm以内、長さ50cm以内）,き（にわき）のえだ・みき・ねね（ふとさ10せんちいない、ながさ50せんちいない）,資源物,（木の枝・刈り草・葉）・可燃ごみで出す場合は、ひもで束ねて、1回に出す量は片手で持てる量で3束程度排出可。・資源物（木の枝・刈草・葉）の収集日は、片手で持てる量でひもで束ねる。指定袋に入れなくても可。何束でも排出可。（ごみステーションからあふれる場合など多量になるときは、分けて排出してください。）,,0,0,0,0
木（庭木）の枝・幹・根（太さ10cm以内、長さ50cm以内）,き（にわき）のえだ・みき・ねね（ふとさ10せんちいない、ながさ50せんちいない）,可燃ごみ,・可燃ごみで出す場合は、ひもで束ねて、1回に出す量は片手で持てる量で3束程度排出可。・資源物（木の枝・刈草・葉）の収集日は、片手で持てる量でひもで束ねる。指定袋に入れなくても可。何束でも排出可。（ごみステーションからあふれる場合など多量になるときは、分けて排出してください。）,,0,0,0,0
木（庭木）の枝・幹・根（太さ15cm以内、長さ100cm超～150cm以内）,き（にわき）のえだ・みき・ねね（ふとさ15せんちいない、ながさ100せんちちょう～150せんちいない）,粗大ごみ,・太さ20cm以内、長さ100cm以内であれば、資源物（木の枝・刈り草・葉）の収集日に排出可。・太さ15cm超又は長さ150cm超の場合は、千葉市廃棄物リサイクル事業協同組合（電話043-204-5805）へご相談ください。,,0,0,0,0
木（庭木）の枝・幹・根（太さ20cm以内、長さ100cm以内）,き（にわき）のえだ・みき・ねね（ふとさ20せんちいない、ながさ100せんちいない）,資源物,（木の枝・刈り草・葉）・ひもで片手で持てる重さまでに束ねる。指定袋に入れなくても可。何束でも排出可。（ごみステーションからあふれる場合など多量になるときは、分けて排出してください。）・太さや長さがこれを超える場合は、千葉市廃棄物リサイクル事業協同組合（電話043-204-5805）へご相談ください。,,0,0,0,0
キーボード（パソコン用）,きーぼーど（ぱそこんよう）,不燃ごみ,本体等をメーカーへリサイクルに出す場合は購入時の標準添付品(マウス、キーボード、スピーカー、ケーブルなど)も一緒に出せます。,,0,0,0,0
キーボード（楽器）,きーぼーど（がっき）,粗大ごみ,サイドフレーム・ペダル鍵盤などがないもの又は外してあるもの、長さが1.5m以下または1.5m以下に切断してあるものであること。長さが1.5mを超えるものは、購入店、メーカーなどに相談（又は千葉市が許可した下記処理業者）,,0,0,0,0
キーホルダー（金属製・プラスチック製などの燃えないもの）,きーほるだー（きんぞくせい・ぷらすちっくせいなどのもえないもの）,不燃ごみ,,,0,0,0,0
キーホルダー（木製・布製などの燃えるもの）,きーほるだー（もくせい・ぬのせいなどのもえるもの）,可燃ごみ,,金属部分は取り外す,0,0,0,0
機械油,きかいあぶら,排出禁止物等,,,1,0,0,0
ギター,ぎたー,粗大ごみ,,,0,0,0,0
ギターケース（ナイロン製など柔らかいもの）,ぎたーけーす（ないろんせいなどやわらかいもの）,可燃ごみ,,,0,0,0,0
ギターケース（ハードケース）,ぎたーけーす（はーどけーす）,粗大ごみ,,,0,0,0,0
キックボード,きっくぼーど,不燃ごみ,,,0,0,0,0
木槌（さい槌）,きづち（さいつち）,可燃ごみ,,,0,0,0,0
キッチンガード（アルミ製）,きっちんがーど（あるみせい）,不燃ごみまたは粗大ごみ,,,0,0,0,0
キッチンスケール（はかり）,きっちんすけーる（はかり）,不燃ごみ,,,0,0,0,0
キッチンタオル・ペーパー,きっちんたおる・ぺーぱー,可燃ごみ,,,0,0,0,0
キッチンバサミ,きっちんばさみ,不燃ごみ,,,0,0,0,0
キッチンマット,きっちんまっと,可燃ごみ,,,0,0,0,0
キッチンラック,きっちんらっく,不燃ごみまたは粗大ごみ,,,0,0,0,0
キッチンワゴン,きっちんわごん,粗大ごみ,,,0,0,0,0
杵（きね）,きね（きね）,粗大ごみ,,,0,0,0,0
木の板（厚さ10cm以内、長さは可燃ごみ指定袋に入る大きさまで）,きのいた（あつさ10せんちいない、ながさはかねんごみしていぶくろにはいるおおきさまで）,可燃ごみ,,,0,0,0,0
木の板（厚さ10cm超～15cm以内、長さは不燃ごみ指定袋に入る大きさまで）,きのいた（あつさ10せんちこ～15せんちいない、ながさはふねんごみしていふくろにはいるおおきさまで）,不燃ごみ,,,0,0,0,0
木の板（厚さ15cm以内、長さ150cm以内）,きのいた（あつさ15せんちいない、ながさ150せんちいない）,粗大ごみ,太さや長さがこれを超える場合は、千葉市廃棄物リサイクル事業協同組合（電話043-204-5805）へご相談ください。,,0,0,0,0
木彫りの熊（厚さ10cm以内）,きぼりのくま（あつさ10せんちいない）,可燃ごみまたは粗大ごみ,,,0,0,0,0
木彫りの熊（厚さ10cm超～15cm以内）,きぼりのくま（あつさ10せんちちょう～15せんちいない）,不燃ごみまたは粗大ごみ,,,0,0,0,0
着物（どてら・丹前等わた入りのものを除く）,きもの（どてら・たんぜんなどわたいりのものをのぞく）,資源物,（古紙・布類）の【布類】,どてら・丹前等わた入りのものは「可燃ごみ」へ,0,0,0,0
キャビネット,きゃびねっと,粗大ごみ,,,0,0,0,0
キャラメルの外包装フィルム,きゃらめるのがいほうよそふぃるむ,可燃ごみ,,,0,0,0,0
キャラメルの空き箱,きゃらめるのあきはこ,資源物,（古紙・布類）の【古紙（雑がみ）】http://www.jbrc.com/／http://www.jbrc.com/,,1,0,0,0
キャラメルの包み紙（個包装）,きゃらめるのつつみかみ（こづつみそう）,可燃ごみ,https://www.city.chiba.jp/kankyo/junkan/shushugyomu/hinmoku-kakudai.html／https://www.city.chiba.jp/kankyo/junkan/shushugyomu/hinmoku-kakudai.html,,0,0,0,0
キャリア（車の上に取り付けるもの）,きゃりあ（くるまのうえにとりつけるもの）,粗大ごみ,,,0,0,0,0
キャリアケース・キャリーケース,きゃりあけーす・きゃりーけーす,粗大ごみ,,,0,0,0,0
救急箱（薬箱）（木製）,きゅうきゅうばこ（くすりばこ）（もくせい）,可燃ごみ,,,0,0,0,0
救急箱（薬箱）（木製以外）,きゅうきゅうばこ（くすりばこ）（もくせいいがい）,不燃ごみ,,,0,0,0,0
急須,きゅうす,不燃ごみ,,,0,0,0,0
給湯器,きゅうとうき,粗大ごみ,,,0,0,0,0
牛乳パック（500ｍℓ以上のもので内側が白色のもの）,ぎゅうにゅうぱっく（500みりりっとるいじょうのものでうちがわがはくしょくのもの）,資源物,（古紙・布類）の【古紙（紙パック）】水ですすいで乾かしてからひもで十文字に束ねる,,0,0,0,0
牛乳びん,ぎゅうにゅうびん,資源物,（びん・缶・ﾍﾟｯﾄﾎﾞﾄﾙ）の【びん】,水ですすぐ,0,0,0,0
牛乳びんのフタ（プラスチック製）,ぎゅうにゅうびんのふた（ぷらすちっくせい）,可燃ごみ,,,0,0,0,0
牛乳びんのフタ（紙製）,ぎゅうにゅうびんのふた（かみせい）,可燃ごみ,,,0,0,0,0
牛乳びんのフタのビニール,ぎゅうにゅうびんのふたのびにーる,可燃ごみ,,,0,0,0,0
給油ポンプ（手動式）,きゅうゆぽんぷ（しゅどうしき）,可燃ごみ,,,0,0,0,0
給油ポンプ（電動式）,きゅうゆぽんぷ（でんどうしき）,不燃ごみまたは粗大ごみ,,,0,0,0,0
教科書,きょうかしょ,資源物,（古紙・布類）の【古紙（雑誌）】,,0,0,0,0
鏡台（ドレッサー）,きょうだい（どれっさー）,粗大ごみ,,,0,0,0,0
経机,きょうつくえ,可燃ごみまたは粗大ごみ,,,0,0,0,0
きり（日曜大工道具）,きり（にちようだいくどうぐ）,不燃ごみ,紙で包み｢危険｣と書いて不燃ごみ指定袋へ（指定袋に入る場合）,,0,0,0,0
霧吹きの容器（金属製）,きりふきのようき（きんぞくせい）,不燃ごみ,,,0,0,0,0
霧吹きの容器（金属製以外）,きりふきのようき（きんぞくせいいがい）,可燃ごみ,,,0,0,0,0
禁煙パイプ,きんえんぱいぷ,可燃ごみ,,,0,0,0,0
金紙、銀紙,きんがみ、ぎんがみ,可燃ごみ,,,0,0,0,0
金魚鉢,きんぎょばち,不燃ごみまたは粗大ごみ,,,0,0,0,0
金庫（耐火金庫）,きんこ（たいかきんこ）,排出禁止物等,購入店、メーカーなどに相談（又は千葉市が許可した下記処理業者）,,1,0,0,0
金庫（手提げ金庫）,きんこ（てさげきんこ）,不燃ごみ,,,0,0,0,0
金属くず,きんぞくくず,不燃ごみ,,,0,0,0,0
金属製ライター（ジッポ）,きんぞくせいらいたー（じっぽ）,不燃ごみ,,,0,0,0,0
金属バット,きんぞくばっと,粗大ごみ,,,0,0,0,0
空気入れ（自転車用、浮き輪用など）,くうきいれ（じてんしゃよう、うきわようなど）,不燃ごみまたは粗大ごみ,,,0,0,0,0
空気清浄機,くうきせいじょうき,粗大ごみ,,,0,0,0,0
空気清浄機のフィルター,くうきせいじょうきのふぃるたー,可燃ごみまたは粗大ごみ,,,0,0,0,0
クーラー（エアコン）,くーらー（えあこん）,家電リサイクル対象,,,1,0,0,0
クーラーボックス,くーらーぼっくす,不燃ごみまたは粗大ごみ,,,0,0,0,0
釘,くぎ,不燃ごみ,,,0,0,0,0
草刈り鎌,くさかりかま,不燃ごみ,紙で包み｢危険｣と書いて不燃ごみ指定袋へ（指定袋に入る場合）,,0,0,0,0
草刈り機,くさかりき,粗大ごみ,,バッテリーは除く,0,0,0,0
草花,くさばな,資源物,（木の枝・刈り草・葉）,・庭などに生えているものを刈った場合は、可燃・不燃ごみ旧指定袋を含む、透明・半透明袋で排出できます。何袋でも排出可。（ごみステーションからあふれる場合など多量になるときは、分けて排出してください。）・1回につき3袋程度までであれば、可燃ごみでも排出可,0,0,0,0
草花,くさばな,可燃ごみ,,・庭などに生えているものを刈った場合は、可燃・不燃ごみ旧指定袋を含む、透明・半透明袋で排出できます。何袋でも排出可。（ごみステーションからあふれる場合など多量になるときは、分けて排出してください。）・1回につき3袋程度までであれば、可燃ごみでも排出可,0,0,0,0
鎖（ゴム製・ウレタン製）（車用など）,くさり（ごむせい・うれたんせい）（くるまようなど）,可燃ごみ,,,0,0,0,0
鎖（プラスチック製）,くさり（ぷらすちっくせい）,不燃ごみ,,,0,0,0,0
櫛（くし）・ブラシ（木製）,くし（くし）・ぶらし（もくせい）,可燃ごみ,,,0,0,0,0
櫛（くし）・ブラシ（木製以外）,くし（くし）・ぶらし（もくせいいがい）,不燃ごみ,,,0,0,0,0
串（木製）,くし（もくせい）,可燃ごみ,,,0,0,0,0
串（木製以外）,くし（もくせいいがい）,不燃ごみ,,,0,0,0,0
薬（錠剤、カプセル等),くすり（じょうざい、かぷせるなど),可燃ごみ,,,0,0,0,0
薬（飲み薬）の容器（びん・プラスチック製）,くすり（のみぐすり）のようき（びん・ぷらすちっくせい）,不燃ごみ,,,0,0,0,0
薬（飲み薬）の容器のフタ（プラスチック製）,くすり（のみぐすり）のようきのふた（ぷらすちっくせい）,不燃ごみ,,,0,0,0,0
薬（飲み薬錠剤）の個別包装ケース,くすり（のみぐすりじょうざい）のこべつほうそうけーす,可燃ごみ,,,0,0,0,0
薬の外箱（紙製）,くすりのそとばこ（かみせい）,資源物,（古紙・布類）の【古紙（雑がみ）】,,0,0,0,0
薬の外箱（プラスチック製）,くすりのそとばこ（ぷらすちっくせい）,可燃ごみ,,,0,0,0,0
薬の外箱包装フィルム,くすりのそとばこほうそうふぃるむ,可燃ごみ,,,0,0,0,0
薬の袋（紙製）,くすりのふくろ（かみせい）,資源物,（古紙・布類）の【古紙（雑がみ）】,,0,0,0,0
果物,くだもの,可燃ごみ,,,0,0,0,0
果物・野菜の網・ネット,くだもの・やさいのあみ・ねっと,可燃ごみ,,,0,0,0,0
果物くず,くだものくず,可燃ごみ,,,0,0,0,0
果物の薄い包み紙,くだもののうすいつつみがみ,可燃ごみ,,,0,0,0,0
果物の箱の中の詰め物（プラスチック製・紙製）,くだもののはこのなかのつめもの（ぷらすちっくせい・かみせい）,可燃ごみ,,,0,0,0,0
果物の箱（厚紙製）,くだもののはこ（あつがみせい）,資源物,（古紙・布類）の【古紙（雑がみ）】,,0,0,0,0
果物の箱（段ボール製）,くだもののはこ（だんぼーるせい）,資源物,（古紙・布類）の【古紙（段ボール）】,,0,0,0,0
口紅,くちべに,可燃ごみ,,,0,0,0,0
口紅の容器（プラスチック製・金属）,くちべにのようき（ぷらすちっくせい・きんぞく）,不燃ごみ,,,0,0,0,0
靴・長靴・サンダル・スリッパ,くつ・ながぐつ・さんだる・すりっぱ,可燃ごみ,,,0,0,0,0
クッキングテーブル,くっきんぐてーぶる,粗大ごみ,,,0,0,0,0
クッキングヒーター,くっきんぐひーたー,不燃ごみまたは粗大ごみ,,,0,0,0,0
靴下,くつした,可燃ごみ,,,0,0,0,0
靴下の帯巻き（紙製）（コーティングのないもの）,くつしたのおびまき（かみせい）（こーてぃんぐのないもの）,資源物,（古紙・布類）の【古紙（雑がみ）】,端をちぎった時にフィルム状のものが見えたら、コーティングがあるものです。コーティングのあるものは「可燃ごみ」へ。,0,0,0,0
靴下の外包装,くつしたのそとほうそう,可燃ごみ,,,0,0,0,0
クッション,くっしょん,可燃ごみまたは粗大ごみ,,ビーズ等のプラスチック入りを含む。口が結べない又は口が結べるかはみ出してしまうものは粗大ごみ,0,0,0,0
クッションフロア,くっしょんふろあ,可燃ごみまたは粗大ごみ,,,0,0,0,0
クッション材（スポンジ等）,くっしょんざい（すぽんじなど）,可燃ごみまたは粗大ごみ,,,0,0,0,0
靴墨のチューブ,くつすみのちゅーぶ,可燃ごみ,,,0,0,0,0
靴の紙箱（厚紙製）,くつのかみばこ（あつがみせい）,資源物,（古紙・布類）の【古紙（雑がみ）】,,0,0,0,0
靴の紙箱（段ボール製）,くつのかみばこ（だんぼーるせい）,資源物,（古紙・布類）の【古紙（段ボール）】,,0,0,0,0
靴の紙箱の詰め物（プラスチック製）,くつのかみばこのつめもの（ぷらすちっくせい）,不燃ごみ,,,0,0,0,0
靴の紙箱の中のの薄い包み紙・詰め物（紙製）,くつのかみばこのなかののうすいつつみかみ・つめもの（かみせい）,可燃ごみ,,,0,0,0,0
靴の中敷き,くつのなかじき,可燃ごみ,,,0,0,0,0
靴箱,くつばこ,粗大ごみ,,,0,0,0,0
靴べら（プラスチック製）,くつべら（ぷらすちっくせい）,不燃ごみ,,,0,0,0,0
靴べら（木製）,くつべら（もくせい）,可燃ごみ,,,0,0,0,0
クラッカー（爆竹）（未使用）,くらっかー（ばくちく）（みしよう）,排出禁止物等,,,1,0,0,0
クリアファイル,くりあふぁいる,可燃ごみ,,,0,0,0,0
クリーニングの包装袋,くりーにんぐのほうそうふくろ,可燃ごみ,,,0,0,0,0
クリップ,くりっぷ,不燃ごみ,,,0,0,0,0
車いす,くるまいす,粗大ごみ,,,0,0,0,0
車のジャッキ（油圧式を除く）,くるまのじゃっき（ゆあつしきをのぞく）,粗大ごみ,,サイズによっては収集不可,0,0,0,0
車のジャッキ（油圧式）,くるまのじゃっき（ゆあつしき）,排出禁止物等,,,1,0,0,0
車のバンパー,くるまのばんぱー,排出禁止物等,,,1,0,0,0
クレヨン,くれよん,可燃ごみ,,,0,0,0,0
クレヨンケース（プラスチック製・紙製）,くれよんけーす（ぷらすちっくせい・かみせい）,可燃ごみ,,,0,0,0,0
クレヨンケースの中敷（紙製）,くれよんけーすのなかじき（かみせい）,可燃ごみ,,,0,0,0,0
クレンザーの容器,くれんざーのようき,可燃ごみ,,,0,0,0,0
グローブ・ミット （野球用）,ぐろーぶ・みっと （やきゅうよう）,可燃ごみ,,,0,0,0,0
グローランプ・グロー球（点灯管）,ぐろーらんぷ・ぐろーきゅう（てんとうかん）,不燃ごみ,,,0,0,0,0
鍬（くわ）,くわ（くわ）,粗大ごみ,,,0,0,0,0
燻煙殺虫剤（缶製品）,くんえんさっちゅうざい（かんせいひん）,不燃ごみ,,使い切ってから出して下さい。,0,0,0,0
軍手,ぐんて,可燃ごみ,,,0,0,0,0
毛（髪の毛）,け（かみのけ）,可燃ごみ,,,0,0,0,0
蛍光管・蛍光灯,けいこうかん・けいこうとう,有害ごみ,,,0,0,0,0
蛍光管の外箱,けいこうかんのそとばこ,資源物,（古紙・布類）の【古紙（段ボール）】,,0,0,0,0
蛍光管の外箱の上の包装フィルム,けいこうかんのそとばこのうえのほうそうふぃるむ,可燃ごみ,,,0,0,0,0
蛍光ペン,けいこうぺん,不燃ごみ,,,0,0,0,0
珪藻土のマット製品,けいそうどのまっとせいひん,不燃ごみまたは粗大ごみ,不燃ごみの袋に入れ、口が結べないもの又ははみ出してしまうものは粗大ごみ。珪藻土のマットやコースターなどの製品のうち、石綿（アスベスト）が含まれている可能性があることが判明した製品については、販売者やメーカーによる自主回収等の対応が行われています。対象製品をお持ちの方はごみとして排出せず、販売者等による回収など適切な処分をお願いいたします。,,0,0,0,0
携帯音楽プレーヤー（MD・CD・MP3等）（充電電池式）,けいたいおんがくぷれーやー（えむでぃー・しーでぃー・えむぴー3とう）（じゅうでんでんちしき）,小型家電または不燃ごみ,各区役所などの使用済小型家電回収ボックスへ／外した充電式電池は、市の回収拠点または回収協力店へ,,1,0,0,1
携帯音楽プレーヤー（MD・CD・MP3等）（乾電池式）,けいたいおんがくぷれーやー（えむでぃー・しーでぃー・えむぴー3とう）（かんでんちしき）,小型家電または不燃ごみ,各区役所などの使用済小型家電回収ボックスへ（電池は外す）,,1,0,0,1
携帯情報端末（PDA）,けいたいじょうほうたんまつ（ぴーでぃーえー）,小型家電または不燃ごみ,市役所・区役所・環境事業所・新浜リサイクルセンターなどの携帯電話・スマートフォン専用回収ボックスへ（電池は外す）,,1,0,1,0
携帯電話・スマートフォン,けいたいでんわ・すまーとふぉん,店舗回収協力店または小型家電,モバイル・リサイクルネットワーク（回収協力店が検索できます）／市役所・区役所・環境事業所・新浜リサイクルセンターなどの携帯電話・スマートフォン専用回収ボックスへ（電池は外す）,,1,0,1,0
携帯用発電機,けいたいようはつでんき,不燃ごみまたは粗大ごみ,,,0,0,0,0
携帯ラジオ,けいたいらじお,小型家電または不燃ごみ,各区役所などの使用済小型家電回収ボックスへ（電池は外す）,,1,0,0,1
毛糸,けいと,可燃ごみ,,,0,0,0,0
計量カップ（ガラス製・プラスチック製）,けいりょうかっぷ（がらすせい・ぷらすちっくせい）,不燃ごみ,,,0,0,0,0
計量スプーン,けいりょうすぷーん,不燃ごみ,,,0,0,0,0
計量ばかり,けいりょうばかり,不燃ごみ,,,0,0,0,0
ケーキ型,けーきかた,不燃ごみ,,,0,0,0,0
ゲートボールのクラブ（FRP製）,げーとぼーるのくらぶ（えふあーるぴーせい）,不燃ごみまたは粗大ごみ,,,0,0,0,0
ゲートボールのクラブ（木製）,げーとぼーるのくらぶ（もくせい）,粗大ごみ,,,0,0,0,0
ケーブル（アンテナ用など）,けーぶる（あんてなようなど）,不燃ごみ,,,0,0,0,0
ケーブル（パソコン用）,けーぶる（ぱそこんよう）,不燃ごみ,本体等をメーカーへリサイクルに出す場合は購入時の標準添付品（マウス、キーボード、スピーカー、ケーブルなど）も一緒に出せます。,,0,0,0,0
ゲームソフト,げーむそふと,不燃ごみ,,,0,0,0,0
ゲームソフトのケース（柔らかいプラスチック製）,げーむそふとのけーす（やわらかいぷらすちっくせい）,可燃ごみ,,,0,0,0,0
ゲーム機（家庭用ゲーム機）（充電電池式）,げーむき（かていようげーむき）（じゅうでんでんちしき）,小型家電または不燃ごみ,各区役所などの使用済小型家電回収ボックスへ／外した充電式電池は、市の回収拠点または回収協力店へ,,1,0,0,1
ゲーム機（家庭用ゲーム機）,げーむき（かていようげーむき）,小型家電または不燃ごみ,各区役所などの使用済小型家電回収ボックスへ（電池は外す）,,1,0,0,1
ゲーム盤,げーむばん,不燃ごみまたは粗大ごみ,,紙製や柔らかいシート状のものは「可燃ごみ」へ,0,0,0,0
毛皮製品,けがわせいひん,可燃ごみ,,,0,0,0,0
劇薬（農薬、毒物）,げきやく（のうやく、どくぶつ）,排出禁止物等,,,1,0,0,0
消しゴム,けしごむ,可燃ごみ,,,0,0,0,0
化粧品携帯ポーチ,けしょうひんけいたいぽーち,可燃ごみ,,,0,0,0,0
化粧品のチューブ,けしょうひんのちゅーぶ,可燃ごみ,,,0,0,0,0
化粧品のびんのフタ（プラ製）,けしょうひんのびんのふた（ぷらせい）,不燃ごみ,,,0,0,0,0
化粧品のびんの中フタ（プラスチック製）,けしょうひんのびんのなかふた（ぷらすちっくせい）,可燃ごみ,,,0,0,0,0
化粧品の容器（ガラス製）,けしょうひんのようき（がらすせい）,資源物,（びん・缶・ﾍﾟｯﾄﾎﾞﾄﾙ）の【びん】,水ですすぐ,0,0,0,0
化粧品の容器（プラスチック製）,けしょうひんのようき（ぷらすちっくせい）,可燃ごみ,,,0,0,0,0
化粧品の紙箱（においが移っていないもの）,けしょうひんのかみばこ（においがうつっていないもの）,資源物,（古紙・布類）の【古紙（雑がみ）】,,0,0,0,0
化粧品の紙箱（においが移っているもの）,けしょうひんのかみばこ（においがうつっているもの）,可燃ごみ,,,0,0,0,0
下駄,げた,可燃ごみ,,,0,0,0,0
下駄箱,げたばこ,粗大ごみ,,,0,0,0,0
ケチャップの外包装,けちゃっぷのがいほうそう,可燃ごみ,,,0,0,0,0
ケチャップの容器（ガラス製）,けちゃっぷのようき（がらすせい）,資源物,（びん・缶・ﾍﾟｯﾄﾎﾞﾄﾙ）の【びん】https://www.city.chiba.jp/kankyo/junkan/shushugyomu/hinmoku-kakudai.html,水ですすぐ,0,0,0,0
ケチャップの容器（ガラス製以外）,けちゃっぷのようき（がらすせいいがい）,可燃ごみ,,,0,0,0,0
血圧計（水銀を使用しているもの）,けつあつけい（すいぎんをしようしているもの）,有害ごみ,,,0,0,0,0
血圧計（水銀を使用しているもの以外）,けつあつけい（すいぎんをしようしているものいがい）,小型家電または不燃ごみ,電子式のものは各区役所などの使用済小型家電回収ボックスへ（電池は外す）,,1,0,0,1
毛抜き,けぬき,不燃ごみ,,,0,0,0,0
ケミカルライト（サイリウム、ルミカライト）,けみかるらいと（さいりうむ、るみからいと）,可燃ごみ,,,0,0,0,0
玄関マット（室外用）（金属製）,げんかんまっと（しつがいよう）（きんぞくせい）,不燃ごみまたは粗大ごみ,,,0,0,0,0
玄関マット（室外用・室内用）（金属製以外）,げんかんまっと（しつがいよう・しつないよう）（きんぞくせいいがい）,可燃ごみまたは粗大ごみ,,,0,0,0,0
健康器具（鉄アレイ・ダンベルを除く）,けんこうきぐ（てつあれい・だんべるをのぞく）,可燃ごみ、不燃ごみ又は粗大ごみ,,,0,0,0,0
健康ドリンクのびん,けんこうどりんくのびん,資源物,（びん・缶・ﾍﾟｯﾄﾎﾞﾄﾙ）の【びん】,水ですすぐ,0,0,0,0
剣山,けんざん,不燃ごみ,紙で包み｢危険｣と書いて不燃ごみ指定袋へ（指定袋に入る場合）,,0,0,0,0
原動機付自転車,げんどうきつきじてんしゃ,排出禁止物等,二輪車リサイクルコールセンターTEL：050-3000-0727https://www.jarc.or.jp/motorcycle/,,1,0,0,0
剣道の用具等,けんどうのようぐとう,粗大ごみ,,,0,0,0,0
顕微鏡,けんびきょう,不燃ごみ,,,0,0,0,0
こいのぼり,こいのぼり,可燃ごみ,,,0,0,0,0
碁石（石製）,ごいし（いしせい）,排出禁止物等,,,1,0,0,0
碁石（プラスチック製）,ごいし（ぷらすちっくせい）,不燃ごみ,,,0,0,0,0
工具・工具箱,こうぐ・こうぐばこ,不燃ごみまたは粗大ごみ,,,0,0,0,0
広告・チラシ,こうこく・ちらし,資源物,（古紙・布類）の【古紙（雑がみ）】,,0,0,0,0
香水のびん,こうすいのびん,不燃ごみ,,使い切ってから出して下さい。,0,0,0,0
紅茶（ティーバッグ）,こうちゃ（てぃーばっぐ）,可燃ごみ,,,0,0,0,0
紅茶（ティーバッグ）の個別包装紙,こうちゃ（てぃーばっぐ）のこべつほうそうし,可燃ごみ,,,0,0,0,0
紅茶（ティーバッグ）の箱（プラスチック製）,こうちゃ（てぃーばっぐ）のはこ（ぷらすちっくせい）,可燃ごみ,,,0,0,0,0
紅茶（ティーバッグ）の箱（紙製）,こうちゃ（てぃーばっぐ）のはこ（かみせい）,資源物,（古紙・布類）の【古紙（雑がみ）】,,0,0,0,0
紅茶（ティーバッグ型）パックの中の台紙,こうちゃ（てぃーばっぐかた）ぱっくのなかのだいし,資源物,（古紙・布類）の【古紙（雑がみ）】,,0,0,0,0
紅茶の缶,こうちゃのかん,資源物,（びん・缶・ﾍﾟｯﾄﾎﾞﾄﾙ）の【缶】,,0,0,0,0
こうり（行李）,こうり（こうり）,粗大ごみ,,,0,0,0,0
コーキングガン,こーきんぐがん,不燃ごみ,,,0,0,0,0
コークス（燃料）,こーくす（ねんりょう）,排出禁止物等,,,1,0,0,0
ゴーグル,ごーぐる,不燃ごみ,,,0,0,0,0
コート（毛皮・革・綿入り・ビニール製）,こーと（けがわ・かわ・わたいり・びにーるせい）,可燃ごみ,,,0,0,0,0
コート（毛皮・革・綿入り・ビニール製を除く）,こーと（けがわ・かわ・わたいり・びにーるせいをのぞく）,資源物,（古紙・布類）の【布類】,,0,0,0,0
コート掛け,こーとかけ,粗大ごみ,,,0,0,0,0
コード（電気コード）,こーど（でんきこーど）,不燃ごみ,,,0,0,0,0
コードリール,こーどりーる,不燃ごみまたは粗大ごみ,,,0,0,0,0
コーヒー（インスタント）のびん,こーひー（いんすたんと）のびん,資源物,（びん・缶・ﾍﾟｯﾄﾎﾞﾄﾙ）の【びん】,,0,0,0,0
コーヒーがら及びフィルター,こーひーがらおよびふぃるたー,可燃ごみ,,,0,0,0,0
コーヒーの缶,こーひーのかん,資源物,（びん・缶・ﾍﾟｯﾄﾎﾞﾄﾙ）の【缶】,水ですすぐ,0,0,0,0
コーヒーびんのフタ（プラスチック製）,こーひーびんのふた（ぷらすちっくせい）,可燃ごみ,,,0,0,0,0
コーヒーびんの内ブタ（紙製）,こーひーびんのないぶた（かみせい）,可燃ごみ,,,0,0,0,0
コーヒーミル,こーひーみる,不燃ごみ,,,0,0,0,0
コーヒーメーカー,こーひーめーかー,不燃ごみ,,,0,0,0,0
氷枕,こおりまくら,可燃ごみ,,,0,0,0,0
氷枕の留め具,こおりまくらのとめぐ,不燃ごみ,,,0,0,0,0
小型充電式電池,こがたじゅうでんしきでんち,市の拠点回収または店舗回収協力店,一般社団法人JBRC（回収協力店が検索できます）／市内の環境事業所、新浜リサイクルセンターに持ち込む。,,1,1,0,0
固形燃料（着火剤）,こけいねんりょう（ちゃっかざい）,排出禁止物等,,,1,0,0,0
固形墨,こけいすみ,可燃ごみ,,,0,0,0,0
ござ,ござ,可燃ごみまたは粗大ごみ,,,0,0,0,0
こたつ・こたつ天板,こたつ・こたつてんばん,粗大ごみ,,,0,0,0,0
こたつ布団,こたつふとん,可燃ごみまたは粗大ごみ,,,0,0,0,0
コップ（ガラス製・プラ製）,こっぷ（がらすせい・ぷらせい）,不燃ごみ,,割れているものは紙で包み｢危険｣と書いて不燃ごみ指定袋へ,0,0,0,0
コップ型のびん（酒が入っていたもの）,こっぷかたのびん（さけがはいっていたもの）,資源物,（びん・缶・ﾍﾟｯﾄﾎﾞﾄﾙ）の【びん】,水ですすぐ,0,0,0,0
コップ洗い（ブラシ）,こっぷあらい（ぶらし）,可燃ごみ,,,0,0,0,0
琴,こと,粗大ごみ,,,0,0,0,0
子供服,こどもふく,資源物,（古紙・布類）の【布類】,,0,0,0,0
子供用自転車,こどもようじてんしゃ,粗大ごみ,,,0,0,0,0
子供用遊具（ジム、滑り台等）,こどもようゆうぐ（じむ、すべりだいなど）,粗大ごみ,,,0,0,0,0
粉ふるい器,こなふるいき,不燃ごみ,,,0,0,0,0
粉ミルクの缶,こなみるくのかん,資源物,（びん・缶・ﾍﾟｯﾄﾎﾞﾄﾙ）の【缶】,,0,0,0,0
木の葉,このは,資源物,（木の枝・刈り草・葉）・可燃・不燃ごみ旧指定袋を含む、透明・半透明袋で排出できます。何袋でも排出可。（ごみステーションからあふれる場合など多量になるときは、分けて排出してください。）・1回につき3袋程度までであれば、可燃ごみでも排出可,,0,0,0,0
木の葉,このは,可燃ごみ,・可燃・不燃ごみ旧指定袋を含む、透明・半透明袋で排出できます。何袋でも排出可。（ごみステーションからあふれる場合など多量になるときは、分けて排出してください。）・1回につき3袋程度までであれば、可燃ごみでも排出可,,0,0,0,0
小鉢,こばち,不燃ごみ,,,0,0,0,0
碁盤（厚さ15cm以下）,ごばん（あつさ15せんちいか）,不燃ごみまたは粗大ごみ,木製で厚さが5cm以下であれば「可燃ごみ」へ,,0,0,0,0
碁盤（厚さ15cm超）,ごばん（あつさ15せんちこ）,排出禁止物等,,,1,0,0,0
コピー機（家庭用）,こぴーき（かていよう）,粗大ごみ,,,0,0,0,0
コピー用紙,こぴーようし,資源物,（古紙・布類）の【古紙（新聞）】,少量の場合は新聞と一緒に出せます。コピー用紙のみまとまった量がある場合はコピー用紙だけでひもで十文字にしばって出して下さい。,0,0,0,0
コピー用紙の包装紙,こぴーようしのほうそうし,資源物,（古紙・布類）の【古紙（雑がみ）】,,0,0,0,0
駒（将棋の駒）（木製）,こま（しょうぎのこま）（もくせい）,可燃ごみ,,,0,0,0,0
駒（将棋の駒）（木製以外）,こま（しょうぎのこま）（もくせいいがい）,不燃ごみ,,,0,0,0,0
ごみ箱（硬いプラスチック製・金属製）,ごみはこ（かたいぷらすちっくせい・きんぞくせい）,市の拠点回収、不燃ごみまたは粗大ごみ,小型のもので不燃ごみの指定袋に入れば不燃ごみ。ポリプロピレン製、ポリエチレン製、ポリスチレン製のものは、各区役所等に設置の回収ボックスへ。,,1,0,0,0
ごみ箱（木製・柔らかいプラスチック製）,ごみはこ（きせい・やわらかいぷらすちっくせい）,可燃ごみ,,,0,0,0,0
小麦粉、片栗粉の袋（紙製）,こむぎこ、かたくりこのふくろ（かみせい）,可燃ごみ,,,0,0,0,0
ゴムひも,ごむひも,可燃ごみ,,,0,0,0,0
ゴムホース,ごむほーす,可燃ごみ,,,0,0,0,0
ゴムボート（底板付きのもの）,ごむぼーと（そこいたつきのもの）,粗大ごみ,,,0,0,0,0
ゴムボート（浮輪的な遊戯具）,ごむぼーと（うきわてきなゆうぎぐ）,可燃ごみ,,,0,0,0,0
ゴムマット,ごむまっと,可燃ごみまたは粗大ごみ,,,0,0,0,0
ゴム手袋,ごむてぶくろ,可燃ごみ,,,0,0,0,0
ゴム製品,ごむせいひん,可燃ごみ,,,0,0,0,0
ゴム長靴,ごむながぐつ,可燃ごみ,http://www.jbrc.com/／http://www.jbrc.com/,,1,0,0,0
米ぬか,こめぬか,可燃ごみ,https://www.city.chiba.jp/kankyo/junkan/shushugyomu/hinmoku-kakudai.html／https://www.city.chiba.jp/kankyo/junkan/shushugyomu/hinmoku-kakudai.html,,0,0,0,0
米の缶,こめのかん,資源物,（びん・缶・ﾍﾟｯﾄﾎﾞﾄﾙ）の【缶】,,0,0,0,0
米びつ,こめびつ,粗大ごみ,,,0,0,0,0
米袋（紙製）,こめぶくろ（かみせい）,資源物,（古紙・布類）の【古紙（段ボール）】,紙袋なので通常「雑がみ」ですが、紙製の米袋（茶色）の場合は素材がほぼ段ボールと同じため、例外として「段ボール」と一緒に束ねて出せます。,0,0,0,0
米袋（プラスチック製）,こめぶくろ（ぷらすちっくせい）,可燃ごみ,,,0,0,0,0
コルクボード,こるくぼーど,可燃ごみまたは粗大ごみ,,,0,0,0,0
コルク栓,こるくせん,可燃ごみ,,,0,0,0,0
コルク抜き,こるくぬき,不燃ごみ,,,0,0,0,0
ゴルフクラブ,ごるふくらぶ,不燃ごみまたは粗大ごみ,,,0,0,0,0
ゴルフセット,ごるふせっと,粗大ごみ,,,0,0,0,0
ゴルフボール,ごるふぼーる,可燃ごみ,,,0,0,0,0
コンクリートブロック,こんくりーとぶろっく,排出禁止物等,千葉市廃棄物リサイクル事業協同組合に相談電話：043-204-5805,,1,0,0,0
コンクリート製品,こんくりーとせいひん,排出禁止物等,千葉市廃棄物リサイクル事業協同組合に相談電話：043-204-5805,,1,0,0,0
コンセント,こんせんと,不燃ごみ,,,0,0,0,0
コンタクトレンズ,こんたくとれんず,可燃ごみ,,,0,0,0,0
コンタクトレンズ保存液の容器,こんたくとれんずほぞんえきのようき,可燃ごみ,,,0,0,0,0
コンタクトレンズ保存容器（ケース）,こんたくとれんずほぞんようき（けーす）,不燃ごみ,,,0,0,0,0
コンテナボックス（プラ製）,こんてなぼっくす（ぷらせい）,粗大ごみ,,,0,0,0,0
コンパクト（化粧用）,こんぱくと（けしょうよう）,不燃ごみ,,,0,0,0,0
コンパス（文房具）,こんぱす（ぶんぼうぐ）,不燃ごみ,,,0,0,0,0
コンパネ（ベニヤ板）,こんぱね（べにやいた）,可燃ごみまたは粗大ごみ,,,0,0,0,0
コンビニ弁当・惣菜のはし・爪楊枝の袋（紙製）（汚れていないもの）,こんびにべんとう・そうざいのはし・つめようじのふくろ（かみせい）（よごれていないもの）,資源物,（古紙・布類）の【古紙（雑がみ）】,汚れたものは「可燃ごみ」へ,0,0,0,0
コンビニ弁当や惣菜のしょうゆ・タレなどの容器・フタ,こんびにべんとうやそうざいのしょうゆ・たれなどのようき・ふた,可燃ごみ,,,0,0,0,0
コンビニ弁当や惣菜のスプーン・フォーク・はし・爪楊枝のビニール袋,こんびにべんとうやそうざいのすぷーん・ふぉーく・はし・つめようじのびにーるふくろ,可燃ごみ,,,0,0,0,0
コンビニ弁当や惣菜のはし・爪楊枝（木製）,こんびにべんとうやそうざいのはし・つめようじ（もくせい）,可燃ごみ,,,0,0,0,0
コンビニ弁当や惣菜の包装フィルム,こんびにべんとうやそうざいのほうそうふぃるむ,可燃ごみ,,,0,0,0,0
コンビニ弁当や惣菜の容器（プラスチック製・紙製）,こんびにべんとうやそうざいのようき（ぷらすちっくせい・かみせい）,可燃ごみ,,,0,0,0,0
コンポ（音響機器）,こんぽ（おんきょうきき）,不燃ごみまたは粗大ごみ,,,0,0,0,0
コンポスト（たい肥化容器）,こんぽすと（たいこえかようき）,粗大ごみ,,,0,0,0,0
コンロ（卓上コンロ、カセットコンロ）,こんろ（たくじょうこんろ、かせっとこんろ）,不燃ごみまたは粗大ごみ,,,0,0,0,0
サーフボード,さーふぼーど,粗大ごみ,長さが1.5m以下または1.5m以下に切断してあるものであること。長さが1.5mを超えるものは、購入店、メーカーなどに相談（又は千葉市が許可した下記処理業者）,,0,0,0,0
座椅子,ざいす,粗大ごみ,,,0,0,0,0
在宅医療用の注射針,ざいたくいりょうようのちゅうしゃばり,医療機関または回収薬局へ,持込先のお問い合わせは（社）千葉市薬剤師会043-242-8193へ,,1,0,0,0
在宅医療用の注射容器,ざいたくいりょうようのちゅうしゃようき,可燃ごみ,注射針は必ず外してください。外した注射針の持込先のお問い合わせは（社）千葉市薬剤師会043-242-8193へ,,1,0,0,0
在宅医療用のビニールバッグ・チューブ・カテーテル類,ざいたくいりょうようのびにーるばっぐ・ちゅーぶ・かてーてるるい,可燃ごみ,,,0,0,0,0
サイドボード,さいどぼーど,粗大ごみ,,,0,0,0,0
財布,さいふ,可燃ごみ,,,0,0,0,0
材木類（太さ10cm以下・長さは可燃ごみ指定袋に入る大きさまで）,ざいもくるい（ふとさ10せんちいか・ながさはかねんごみしていふくろにはいるおおきさまで）,可燃ごみ,,,0,0,0,0
材木類（太さ10cm超～15cm以内、長さは不燃ごみ指定袋に入る大きさまで）,ざいもくるい（ふとさ10せんちこ～15せんちいない、ながさはふねんごみしていふくろにいるおおきさまで）,不燃ごみ,,,0,0,0,0
材木類（太さ15cm、長さ150cm以内）,ざいもくるい（ふとさ15せんち、ながさ150せんちいない）,粗大ごみ,太さや長さがこれを超える場合は、千葉市廃棄物リサイクル事業協同組合（電話043-204-5805）へご相談ください。,,0,0,0,0
サインペン,さいんぺん,不燃ごみ,,,0,0,0,0
サウナ（家庭用）,さうな（かていよう）,排出禁止物等,購入店、メーカーなどに相談,,1,0,0,0
竿（物干し用・魚釣り用）,さお（ものほしよう・さかなつりよう）,粗大ごみ,,,0,0,0,0
魚の焼き網,さかなのやきあみ,不燃ごみ,,,0,0,0,0
作業着,さぎょうぎ,可燃ごみ,,,0,0,0,0
作業用台車,さぎょうようだいしゃ,粗大ごみ,,,0,0,0,0
酒（料理酒）の入っていたペットボトル,さけ（りょうりしゅ）のいっっていたぺっとぼとる,資源物,（びん・缶・ﾍﾟｯﾄﾎﾞﾄﾙ）の【ﾍﾟｯﾄﾎﾞﾄﾙ】,水ですすぐ,0,0,0,0
酒カップ（ガラス製）,さけかっぷ（がらすせい）,資源物,（びん・缶・ﾍﾟｯﾄﾎﾞﾄﾙ）の【びん】,水ですすぐ,0,0,0,0
酒カップのフタ（金属）,さけかっぷのふた（きんぞく）,資源物,（びん・缶・ﾍﾟｯﾄﾎﾞﾄﾙ）の【缶】,,0,0,0,0
酒類の紙パック（内側にアルミ等のコーティングのあるもの）,さけるいのかみぱっく（うちがわにあるみとうのこーてぃんぐのあるもの）,可燃ごみ,,,0,0,0,0
酒類の紙パック（内側にアルミ等のコーティングのないもの）,さけるいのかみぱっく（うちがわにあるみとうのこーてぃんぐのないもの）,資源物,（古紙・布類）の【古紙（紙パック）】,（注ぎ口がプラスチック製のものは切り取ってから）水ですすいで乾かし、ひもで十文字に束ねる,0,0,0,0
酒類のびん（ガラス製）,さけるいのびん（がらすせい）,資源物,（びん・缶・ﾍﾟｯﾄﾎﾞﾄﾙ）の【びん】,水ですすぐ,0,0,0,0
酒類のびん（ガラス製以外）,さけるいのびん（がらすせいいがい）,不燃ごみ,,,0,0,0,0
酒類のびんの栓（コルク製）,さけるいのびんのせん（こるくせい）,可燃ごみ,,,0,0,0,0
酒類のびんの栓（プラスチック製）,さけるいのびんのせん（ぷらすちっくせい）,可燃ごみ,,,0,0,0,0
酒類のびんの栓（金属製）,さけるいのびんのせん（きんぞくせい）,資源物,（びん・缶・ﾍﾟｯﾄﾎﾞﾄﾙ）の【缶】,,0,0,0,0
酒類のペットボトル,さけるいのぺっとぼとる,資源物,（びん・缶・ﾍﾟｯﾄﾎﾞﾄﾙ）の【ﾍﾟｯﾄﾎﾞﾄﾙ】,,0,0,0,0
座卓,ざたく,粗大ごみ,,,0,0,0,0
サッカーボール,さっかーぼーる,可燃ごみ,,なるべく空気を抜いてから捨ててください。,0,0,0,0
雑誌（表紙にコーティングがあるもの）,ざっし（ひょうしにこーてぃんぐがあるもの）,可燃ごみ,,取り外せれば取り外して表紙部分は「可燃ごみ」、残りは【古紙（雑誌）】として出せます。,0,0,0,0
雑誌（表紙にコーティングがないもの）,ざっし（ひょうしにこーてぃんぐがないもの）,資源物,（古紙・布類）の【古紙（雑誌）】,端をちぎった時にフィルム状のものが見えたら、コーティングがあるものです。コーティングのあるものは「可燃ごみ」へ。,0,0,0,0
サッシ（雨戸・網戸）,さっし（あまど・あみど）,粗大ごみ,,,0,0,0,0
殺虫剤（スプレー缶）,さっちゅうざい（すぷれーかん）,有害ごみ,どうしても使い切れない場合は3本程度まで排出可。「残量あり」の貼り紙をして、不燃ごみ指定袋以外の透明な袋に入れて出す。,,0,0,0,0
殺虫剤のびん,さっちゅうざいのびん,不燃ごみ,,,0,0,0,0
殺虫剤のフタ,さっちゅうざいのふた,可燃ごみ,,,0,0,0,0
殺虫剤の包装フィルム,さっちゅうざいのほうそうふぃるむ,可燃ごみ,,,0,0,0,0
座布団,ざぶとん,可燃ごみまたは粗大ごみ,,,0,0,0,0
サマーベッド,さまーべっど,粗大ごみ,,,0,0,0,0
皿（紙製、木製）,さら（かみせい、もくせい）,可燃ごみ,,,0,0,0,0
皿（その他）,さら（そのた）,不燃ごみ,,,0,0,0,0
サラダボール（木製）,さらだぼーる（もくせい）,可燃ごみ,,,0,0,0,0
サラダボール（木製以外）,さらだぼーる（もくせいいがい）,不燃ごみ,,,0,0,0,0
サラダ油,さらだあぶら,回収場所へ,回収場所はこちらでご確認ください。,少量ずつボロ布などに含ませれば「可燃ごみ」で可,1,0,0,0
サラダ油のびん,さらだあぶらのびん,資源物,（びん・缶・ﾍﾟｯﾄﾎﾞﾄﾙ）の【びん】,水ですすぐ,0,0,0,0
サラダ油のプラスチック製ボトル,さらだあぶらのぷらすちっくせいぼとる,可燃ごみ,,,0,0,0,0
サラダ油の缶,さらだあぶらのかん,資源物,（びん・缶・ﾍﾟｯﾄﾎﾞﾄﾙ）の【缶】,水ですすぐ,0,0,0,0
ざる（金属製、プラスチック製など硬いもの）,ざる（きんぞくせい、ぷらすちっくせいなどかたいもの）,市の拠点回収または不燃ごみ,ポリプロピレン製、ポリエチレン製、ポリスチレン製のものは、各区役所等に設置の回収ボックスへ。,,1,0,0,0
ざる（竹製、シリコン製など柔らかいもの）,ざる（たけせい、しりこんせいなどやわらかいもの）,可燃ごみ,,,0,0,0,0
三角コーナー,さんかくこーなー,不燃ごみ,,,0,0,0,0
三脚,さんきゃく,不燃ごみまたは粗大ごみ,,,0,0,0,0
サングラス,さんぐらす,不燃ごみ,,,0,0,0,0
参考書,さんこうしょ,資源物,（古紙・布類）の【古紙（雑誌）】,,0,0,0,0
サンダル,さんだる,可燃ごみ,,,0,0,0,0
サンドバック,さんどばっく,粗大ごみ,,,0,0,0,0
残飯,ざんぱん,可燃ごみ,,,0,0,0,0
三輪車,さんりんしゃ,粗大ごみ,,,0,0,0,0
CD,しーでぃー,不燃ごみ,,,0,0,0,0
CDケース,しーでぃーけーす,市の拠点回収または不燃ごみ,プラスチック製のものは、各区役所等に設置の回収ボックスへ,,1,0,0,0
CDチェンジャー,しーでぃーちぇんじゃー,不燃ごみまたは粗大ごみ,,,0,0,0,0
CDの包装フィルム,しーでぃーのほうそうふぃるむ,可燃ごみ,,,0,0,0,0
CDプレイヤー,しーでぃーぷれいやー,小型家電、不燃ごみまたは粗大ごみ,小型家電（携帯型に限る）は各区役所などの使用済小型家電回収ボックスへ。,,1,0,0,1
CDラジカセ,しーでぃーらじかせ,不燃ごみまたは粗大ごみ,,,0,0,0,0
CRTディスプレイ一体型パソコン,しーあーるてぃーでぃすぷれいいったいがたぱそこん,市で収集しないもの,家庭用パソコンリサイクルについて,,1,0,0,0
シーツ（ボックスシーツ、ゴムかけタイプ、綿製、ボア製、パイル製など）,しーつ（ぼっくすしーつ、ごむかけたいぷ、めんせい、ぼあせい、ぱいるせいなど）,可燃ごみ,,,0,0,0,0
シート（レジャーシートなど）,しーと（れじゃーしーとなど）,可燃ごみ,,,0,0,0,0
シートレコード,しーとれこーど,可燃ごみ,,,0,0,0,0
シール,しーる,可燃ごみ,,,0,0,0,0
シール台紙,しーるだいし,可燃ごみ,,,0,0,0,0
ジーンズ,じーんず,資源物,（古紙・布類）の【布類】,,0,0,0,0
シェーバー（ひげそり）,しぇーばー（ひげそり）,不燃ごみ,,,0,0,0,0
ジェットヒーター,じぇっとひーたー,粗大ごみ,,,0,0,0,0
地下足袋,じかたび,可燃ごみ,,,0,0,0,0
磁気カード,じきかーど,可燃ごみ,,,0,0,0,0
敷物,しきもの,可燃ごみ,,,0,0,0,0
磁石,じしゃく,有害ごみ,,,0,0,0,0
辞書・辞典,じしょ・じてん,資源物,（古紙・布類）の【古紙（雑誌）】,,0,0,0,0
下着,したぎ,可燃ごみ,,,0,0,0,0
下敷き,したじき,可燃ごみ,,,0,0,0,0
七輪,しちりん,不燃ごみまたは粗大ごみ,http://www.city.chiba.jp/kankyo/junkan/haikibutsu/haisyokuyu.html／http://www.city.chiba.jp/kankyo/junkan/haikibutsu/haisyokuyu.html,,1,0,0,0
湿気取りの容器（使い捨て）,しっけとりのようき（つかいすて）,可燃ごみ,,,0,0,0,0
湿度計,しつどけい,不燃ごみ,,,0,0,0,0
シップ,しっぷ,可燃ごみ,,,0,0,0,0
シップの内袋,しっぷのうちぶくろ,可燃ごみ,,,0,0,0,0
シップの外箱（紙製）,しっぷのそとばこ（かみせい）,資源物,（古紙・布類）の【古紙（雑がみ）】,,0,0,0,0
シップのフィルム,しっぷのふぃるむ,可燃ごみ,,,0,0,0,0
自転車,じてんしゃ,粗大ごみ,,バッテリーは除く,0,0,0,0
自転車（バイク、車）のカバー,じてんしゃ（ばいく、くるま）のかばー,可燃ごみ,,,0,0,0,0
自転車空気入れ,じてんしゃくうきいれ,不燃ごみまたは粗大ごみ,,,0,0,0,0
自転車のタイヤ・チューブ（ゴム製）,じてんしゃのたいや・ちゅーぶ（ごむせい）,可燃ごみ,,,0,0,0,0
自転車の輪（リム）・チェーン,じてんしゃのわ（りむ）・ちぇーん,粗大ごみ,,,0,0,0,0
自転車部品,じてんしゃぶひん,不燃ごみまたは粗大ごみ,,,0,0,0,0
自動車,じどうしゃ,排出禁止物等,,,1,0,0,0
自動車用オイル,じどうしゃようおいる,排出禁止物等,,少量ずつボロ布などに含ませれば「可燃ごみ」で可,1,0,0,0
芝刈り機,しばかりき,粗大ごみ,,バッテリーは除く,0,0,0,0
芝生,しばふ,可燃ごみ,,,0,0,0,0
車載用スピーカー,しゃさいようすぴーかー,小型家電または不燃ごみ,各区役所などの使用済小型家電回収ボックスへ,,1,0,0,1
車載用プレーヤー（DVD・CD・MD等）,しゃさいようぷれーやー（でぃーぶいでぃー・しーでぃー・えむでぃーとう）,小型家電または不燃ごみ,各区役所などの使用済小型家電回収ボックスへ,,1,0,0,1
シャープペンシル,しゃーぷぺんしる,不燃ごみ,,,0,0,0,0
シャープペンシルの芯,しゃーぷぺんしるのしん,可燃ごみ,http://www.city.chiba.jp/kankyo/junkan/shushugyomu/syusyushinai.html／http://www.city.chiba.jp/kankyo/junkan/shushugyomu/syusyushinai.html,,1,0,0,0
シャープペンシルの芯ケース（プラスチック製）,しゃーぷぺんしるのしんけーす（ぷらすちっくせい）,不燃ごみ,,,0,0,0,0
蛇口,じゃぐち,不燃ごみ,,,0,0,0,0
写真,しゃしん,可燃ごみ,,,0,0,0,0
写真のネガ・フィルム,しゃしんのねが・ふぃるむ,可燃ごみ,,,0,0,0,0
写真フィルムのケース,しゃしんふぃるむのけーす,可燃ごみ,,,0,0,0,0
シャベル,しゃべる,不燃ごみまたは粗大ごみ,,,0,0,0,0
三味線,しゃみせん,粗大ごみ,,,0,0,0,0
ジャムのびん（ガラス製）,じゃむのびん（がらすせい）,資源物,（びん・缶・ﾍﾟｯﾄﾎﾞﾄﾙ）の【びん】,水ですすぐ,0,0,0,0
ジャムのびん（プラスチック製）,じゃむのびん（ぷらすちっくせい）,不燃ごみ,,,0,0,0,0
ジャムのびんのフタ（金属製）,じゃむのびんのふた（きんぞくせい）,資源物,（びん・缶・ﾍﾟｯﾄﾎﾞﾄﾙ）の【缶】,水ですすぐ,0,0,0,0
砂利,じゃり,排出禁止物等,,,1,0,0,0
車両用ルーフボックス,しゃりょうようるーふぼっくす,粗大ごみ,,,0,0,0,0
ジャングルジム（子供用遊具）,じゃんぐるじむ（こどもようゆうぐ）,粗大ごみ,,,0,0,0,0
シャンデリア,しゃんでりあ,不燃ごみまたは粗大ごみ,,,0,0,0,0
シャンプーの詰め替え用袋（プラスチック製）,しゃんぷーのつめかえようふくろ（ぷらすちっくせい）,可燃ごみ,,,0,0,0,0
シャンプーボトル,しゃんぷーぼとる,可燃ごみ,,,0,0,0,0
週刊誌,しゅうかんし,資源物,（古紙・布類）の【古紙（雑誌）】,,0,0,0,0
ジューサー,じゅーさー,不燃ごみまたは粗大ごみ,,,0,0,0,0
習字の紙（半紙）,しゅうじのかみ（はんし）,可燃ごみ,,,0,0,0,0
ジュースのびん（ガラス製）,じゅーすのびん（がらすせい）,資源物,（びん・缶・ﾍﾟｯﾄﾎﾞﾄﾙ）の【びん】,水ですすぐ,0,0,0,0
ジュースのペットボトル,じゅーすのぺっとぼとる,資源物,（びん・缶・ﾍﾟｯﾄﾎﾞﾄﾙ）の【ﾍﾟｯﾄﾎﾞﾄﾙ】,水ですすぐ,0,0,0,0
ジュースのペットボトルのフタ（プラスチック製）,じゅーすのぺっとぼとるのふた（ぷらすちっくせい）,区役所等の回収拠点へご協力ください。,回収拠点への持ち込みが難しい場合は「可燃ごみ」へ,,1,0,0,0
ジュースのペットボトルのラベル（プラスチック製）,じゅーすのぺっとぼとるのらべる（ぷらすちっくせい）,可燃ごみ,,,0,0,0,0
ジュースの缶,じゅーすのかん,資源物,（びん・缶・ﾍﾟｯﾄﾎﾞﾄﾙ）の【缶】,水ですすぐ,0,0,0,0
ジュースの紙パック（内側にアルミ等のコーティングのあるものや500mℓ未満のもの）,じゅーすのかみぱっく（うちがわにあるみとうのこーてぃんぐのあるものや500みりりっとるみまんのもの）,可燃ごみ,,,0,0,0,0
ジュースの紙パック（内側にアルミ等のコーティングのないもの）（500mℓ以上）,じゅーすのかみぱっく（うちがわにあるみとうのこーてぃんぐのないもの）（500みりりっとるいじょう）,資源物,（古紙・布類）の【古紙（紙パック）】水ですすいで乾かしてからひもで十文字に束ねる,,0,0,0,0
じゅうたん,じゅうたん,可燃ごみまたは粗大ごみ,,,0,0,0,0
充電器（携帯電話用・PHS等の使用済の小型家電回収品目の付属品）,じゅうでんき（けいたいでんわよう・ぴーえいちえすとうのしようすみのこがたかでんかいしゅうひんもくのふぞくひん）,小型家電、不燃ごみまたは店頭回収協力店,各区役所などの使用済小型家電回収ボックスへ／モバイル・リサイクルネットワーク（回収協力店が検索できます）,,1,0,0,1
充電器（その他）,じゅうでんき（そのた）,不燃ごみ,,,0,0,0,0
充電式電池（ニカド電池など）,じゅうでんしきでんち（にかどでんちなど）,市の拠点回収または店舗回収協力店,一般社団法人JBRC（回収協力店が検索できます）／市内の環境事業所、新浜リサイクルセンターに持ち込む。,,1,1,0,0
柔道着,じゅうどうぎ,可燃ごみ,,,0,0,0,0
収納ケース,しゅうのうけーす,粗大ごみ,,,0,0,0,0
収納庫,しゅうのうこ,粗大ごみ,,,0,0,0,0
ジュラルミンケース,じゅらるみんけーす,粗大ごみ,,,0,0,0,0
シュレッダー（手動・小型）,しゅれっだー（しゅどう・こがた）,不燃ごみ,,,0,0,0,0
シュレッダー（その他）,しゅれっだー（そのた）,粗大ごみ,,,0,0,0,0
シュレッダーにかけた紙,しゅれっだーにかけたかみ,可燃ごみ,,,0,0,0,0
瞬間湯沸し器（台所用）,しゅんかんゆわかしき（だいどころよう）,粗大ごみ,,,0,0,0,0
消火器,しょうかき,排出禁止物等,(株)消火器リサイクル推進センターへご相談ください,,1,0,0,0
消火剤（スプレー式）,しょうかざい（すぷれーしき）,有害ごみ,,,0,0,0,0
定規（プラスチック製）,じょうぎ（ぷらすちっくせい）,不燃ごみまたは粗大ごみ,,,0,0,0,0
定規（木製・竹製）,じょうぎ（もくせいせいたけせい）,可燃ごみ,,,0,0,0,0
将棋の駒（木製）,しょうぎのこま（もくせい）,可燃ごみ,,,0,0,0,0
将棋の駒（木製以外）,しょうぎのこま（もくせいいがい）,不燃ごみ,,,0,0,0,0
将棋盤（厚さ15cm以下）,しょうぎばん（あつさ15せんちいか）,不燃ごみまたは粗大ごみ,木製で厚さが5cm以下であれば「可燃ごみ」へ,,0,0,0,0
将棋盤（厚さ15cm超）,しょうぎばん（あつさ15せんちこ）,排出禁止物等,,,1,0,0,0
障子,しょうじ,粗大ごみ,,,0,0,0,0
消臭剤,しょうしゅうざい,可燃ごみ,,,0,0,0,0
浄水器（カートリッジを含む）,じょうすいき（かーとりっじをふくむ）,不燃ごみ,,,0,0,0,0
樟脳（防虫剤）,しょうのう（ぼうちゅうざい）,可燃ごみ,,,0,0,0,0
照明器具（シャンデリア・スタンド照明など）,しょうめいきぐ（しゃんでりあ・すたんどしょうめいなど）,不燃ごみまたは粗大ごみ,,,0,0,0,0
しょうゆのびん・しょうゆさし（ガラス製）,しょうゆのびん・しょうゆさし（がらすせい）,資源物,（びん・缶・ﾍﾟｯﾄﾎﾞﾄﾙ）の【びん】,水ですすぐ,0,0,0,0
しょうゆのペットボトル,しょうゆのぺっとぼとる,資源物,（びん・缶・ﾍﾟｯﾄﾎﾞﾄﾙ）の【ﾍﾟｯﾄﾎﾞﾄﾙ】,水ですすぐ,0,0,0,0
しょうゆのペットボトルのフタ,しょうゆのぺっとぼとるのふた,可燃ごみ,,,0,0,0,0
じょうろ,じょうろ,市の拠点回収または不燃ごみ,ポリプロピレン製、ポリエチレン製、ポリスチレン製のものは、各区役所等に設置の回収ボックスへ。,,1,0,0,0
食品が入っていたびん（ガラス製）,しょくひんがはいっていたびん（がらすせい）,資源物,（びん・缶・ﾍﾟｯﾄﾎﾞﾄﾙ）の【びん】,水ですすぐ,0,0,0,0
食品が入っていたびん（ガラス製以外）,しょくひんがはいっていたびん（がらすせいいがい）,不燃ごみ,,,0,0,0,0
食品トレイ,しょくひんとれい,スーパー等の店頭回収へ,店頭回収実施店舗が近くにない場合「可燃ごみ」へ,,1,0,0,0
食用油（植物性、天ぷら油等）,しょくようあぶら（しょくぶつせい、てんぷらあぶらなど）,回収場所へ,回収場所はこちらでご確認ください。,少量ずつボロ布などに含ませれば「可燃ごみ」で可,1,0,0,0
食用油（ラード等の動物性のものや不明なもの）,しょくようあぶら（らーどなどのどうぶつせいのものやふめいなもの）,排出禁止物等,,少量ずつボロ布などに含ませれば「可燃ごみ」で可,1,0,0,0
食用油の缶,しょくようあぶらのかん,資源物,（びん・缶・ﾍﾟｯﾄﾎﾞﾄﾙ）の【缶】,水ですすぐ,0,0,0,0
食用油のびん（ガラス製）,しょくようあぶらのびん（がらすせい）,資源物,（びん・缶・ﾍﾟｯﾄﾎﾞﾄﾙ）の【びん】https://www.tca.or.jp/mobile-recycle/,水ですすぐ,1,0,0,0
食用油のプラスチックボトル,しょくようあぶらのぷらすちっくぼとる,可燃ごみ,,,0,0,0,0
食用油のプラスチックボトルのフタ,しょくようあぶらのぷらすちっくぼとるのふた,可燃ごみ,http://www.jbrc.com/／http://www.jbrc.com/,,1,0,0,0
食用油のプラスチックボトルのラベル,しょくようあぶらのぷらすちっくぼとるのらべる,可燃ごみ,https://www.city.chiba.jp/kankyo/junkan/shushugyomu/hinmoku-kakudai.html／https://www.city.chiba.jp/kankyo/junkan/shushugyomu/hinmoku-kakudai.html,,0,0,0,0
除湿機,じょしつき,粗大ごみ,,,0,0,0,0
除湿剤（ゼリー状）,じょしつざい（ぜりーじょう）,可燃ごみ,,,0,0,0,0
除湿剤（プラスチック製）,じょしつざい（ぷらすちっくせい）,可燃ごみ,,,0,0,0,0
除湿剤の容器,じょしつざいのようき,可燃ごみ,,,0,0,0,0
除雪機械,じょせつきかい,粗大ごみ,,バッテリーは除く,0,0,0,0
除草剤容器,じょそうざいようき,可燃ごみ,,,0,0,0,0
書棚,しょだな,粗大ごみ,,,0,0,0,0
食器（洗い）乾燥機,しょっき（あらい）かんそうき,粗大ごみ,,,0,0,0,0
食器（木製）,しょっき（もくせい）,可燃ごみ,http://ferpc.jp/／http://ferpc.jp/,,1,0,0,0
食器（木製以外）,しょっき（もくせいいがい）,不燃ごみ,,,0,0,0,0
食器棚,しょっきだな,粗大ごみ,,,0,0,0,0
ショッピングカート,しょっぴんぐかーと,粗大ごみ,,,0,0,0,0
ショベル,しょべる,不燃ごみまたは粗大ごみ,,,0,0,0,0
シリカゲル（乾燥剤）,しりかげる（かんそうざい）,可燃ごみ,,,0,0,0,0
シルバーカー,しるばーかー,粗大ごみ,,,0,0,0,0
シルバーカート,しるばーかーと,粗大ごみ,,,0,0,0,0
人工芝,じんこうしば,可燃ごみ,,,0,0,0,0
シンナー,しんなー,排出禁止物等,,,1,0,0,0
新聞紙,しんぶんし,資源物,（古紙・布類）の【古紙（新聞）】,,0,0,0,0
酢（食酢・調味酢）の入っていたペットボトル,す（しょくす・ちょうみす）のいっっていたぺっとぼとる,資源物,（びん・缶・ﾍﾟｯﾄﾎﾞﾄﾙ）の【ﾍﾟｯﾄﾎﾞﾄﾙ】,水ですすぐ,0,0,0,0
吸い殻,すいがら,可燃ごみ,,,0,0,0,0
水銀体温計,すいぎんたいおんけい,有害ごみ,,,0,0,0,0
水槽,すいそう,不燃ごみまたは粗大ごみ,,,0,0,0,0
水中メガネ,すいちゅうめがね,不燃ごみ,,,0,0,0,0
水筒（プラスチック製・金属製）,すいとう（ぷらすちっくせい・きんぞくせい）,不燃ごみ,,,0,0,0,0
炊飯器（一升炊き超）,すいはんき（いっしょうだきちょう）,粗大ごみ,,,0,0,0,0
炊飯器（一升炊きまで）,すいはんき（いっしょうだきまで）,不燃ごみ,不燃ごみ指定袋（20ℓ）をそれぞれひとつの品目に対して1枚ずつ縛りつけるか、テープなどで貼りつけて排出してください。,,0,0,0,0
スーツ,すーつ,資源物,（古紙・布類）の【布類】,,0,0,0,0
スーツケース（旅行用）,すーつけーす（りょこうよう）,粗大ごみ,,,0,0,0,0
スーツロッカー（ナイロン製，布製のもの）,すーつろっかー（ないろんせい，ぬのせいのもの）,可燃ごみ,http://www.city.chiba.jp/kankyo/junkan/haikibutsu/haisyokuyu.html／http://www.city.chiba.jp/kankyo/junkan/haikibutsu/haisyokuyu.html,,1,0,0,0
スカート,すかーと,資源物,（古紙・布類）の【布類】,,0,0,0,0
スカーフ,すかーふ,可燃ごみ,,,0,0,0,0
姿見（鏡）,すがたみ（かがみ）,粗大ごみ,,,0,0,0,0
スキーウェア,すきーうぇあ,可燃ごみ,,,0,0,0,0
スキーキャリア,すきーきゃりあ,粗大ごみ,,,0,0,0,0
スキーストック,すきーすとっく,粗大ごみ,,,0,0,0,0
スキーブーツ,すきーぶーつ,不燃ごみまたは粗大ごみ,,,0,0,0,0
スキー板,すきーいた,粗大ごみ,,,0,0,0,0
スキャナー,すきゃなー,不燃ごみまたは粗大ごみ,,,0,0,0,0
スクーター,すくーたー,排出禁止物等,二輪車リサイクルコールセンターTEL：050-3000-0727https://www.jarc.or.jp/motorcycle/,,1,0,0,0
スケートボード,すけーとぼーど,粗大ごみ,,,0,0,0,0
スケート靴,すけーとくつ,不燃ごみ,,,0,0,0,0
スコップ,すこっぷ,不燃ごみまたは粗大ごみ,,,0,0,0,0
寿司の桶（木製）,すしのおけ（もくせい）,可燃ごみ,,,0,0,0,0
寿司の桶（木製以外）,すしのおけ（もくせいいがい）,不燃ごみまたは粗大ごみ,,,0,0,0,0
硯（すずり）（石製）,すずり（すずり）（いしせい）,排出禁止物等,,,1,0,0,0
硯（すずり）（瓦製）,すずり（すずり）（かわらせい）,不燃ごみ,,,0,0,0,0
簾（すだれ）,すだれ（すだれ）,可燃ごみまたは粗大ごみ,,,0,0,0,0
スタンドミラー（小型）,すたんどみらー（こがた）,不燃ごみ,,,0,0,0,0
スタンドミラー（姿見など大型）,すたんどみらー（すがたみなどおおがた）,粗大ごみ,,,0,0,0,0
スタンプ台,すたんぷだい,不燃ごみ,,,0,0,0,0
スチール缶（飲料・食品用）,すちーるかん（いんりょう・しょくひんよう）,資源物,（びん・缶・ﾍﾟｯﾄﾎﾞﾄﾙ）の【缶】,水ですすぐ,0,0,0,0
スチール缶（車用・バイク用等のオイル缶）,すちーるかん（くるまよう・ばいくようなどのおいるかん）,不燃ごみ,,,0,0,0,0
スチール棚,すちーるたな,粗大ごみ,,,0,0,0,0
スティックのり容器,すてぃっくのりようき,不燃ごみ,,,0,0,0,0
ステップマシーン,すてっぷましーん,粗大ごみ,,,0,0,0,0
ステレオ,すてれお,粗大ごみ,,,0,0,0,0
ステレオセット,すてれおせっと,粗大ごみ,,,0,0,0,0
ステレオラック,すてれおらっく,粗大ごみ,,,0,0,0,0
ステンレス棚,すてんれすたな,粗大ごみ,,,0,0,0,0
ストーブ,すとーぶ,粗大ごみ,,,0,0,0,0
ストーブガード,すとーぶがーど,粗大ごみ,,,0,0,0,0
ストッキング,すとっきんぐ,可燃ごみ,,,0,0,0,0
ストッキングの中台紙（紙製）,すとっきんぐのちゅうたいかみ（かみせい）,資源物,（古紙・布類）の【古紙（雑がみ）】,,0,0,0,0
ストロー,すとろー,可燃ごみ,,,0,0,0,0
砂,すな,排出禁止物等,,,1,0,0,0
スナック菓子などの袋,すなっくかしなどのふくろ,可燃ごみ,,,0,0,0,0
砂時計,すなどけい,不燃ごみ,,,0,0,0,0
スニーカー,すにーかー,可燃ごみ,,,0,0,0,0
スノーダンプ,すのーだんぷ,粗大ごみ,,,0,0,0,0
スノーブラシ,すのーぶらし,粗大ごみ,,,0,0,0,0
スノーヘルパー（プラ製）,すのーへるぱー（ぷらせい）,粗大ごみ,,,0,0,0,0
スノーボード,すのーぼーど,粗大ごみ,,,0,0,0,0
すのこ,すのこ,粗大ごみ,,,0,0,0,0
スパイクシューズ（スパイクを取り外したもの）,すぱいくしゅーず（すぱいくをとりはずしたもの）,可燃ごみ,スパイクを取り外せなければそのまま「可燃ごみ」へ,,0,0,0,0
スパイクシューズのスパイク,すぱいくしゅーずのすぱいく,不燃ごみ,,,0,0,0,0
スピーカー,すぴーかー,不燃ごみまたは粗大ごみ,,,0,0,0,0
スプーン,すぷーん,不燃ごみ,,,0,0,0,0
スプリング（コイルスプリング又はポケットコイル）入りマットレス,すぷりんぐ（こいるすぷりんぐまたはぽけっとこいる）いりまっとれす,排出禁止物等,購入店、メーカーなどに相談（又は、市が許可を出している下記処理業者）、コイルスプリング又はポケットコイルがないものは粗大ごみ,,1,0,0,0
スプリング類（コイル状）,すぷりんぐるい（こいるじょう）,排出禁止物等,購入店、メーカー、又は市が許可を出している下記処理業者に相談,,1,0,0,0
スプレー缶（化粧品・殺虫剤・消臭剤等）,すぷれーかん（けしょうひん・さっちゅうざい・しょうしゅうざいなど）,有害ごみ,どうしても使い切れない場合は3本程度まで排出可。「残量あり」の貼り紙をして、不燃ごみ指定袋以外の透明な袋に入れて出す。,,0,0,0,0
スプレー缶のフタ,すぷれーかんのふた,可燃ごみ,,,0,0,0,0
すべり台（子供用遊具）,すべりだい（こどもようゆうぐ）,粗大ごみ,,,0,0,0,0
スポンジ,すぽんじ,可燃ごみ,,,0,0,0,0
スポンジ製品,すぽんじせいひん,可燃ごみ,,,0,0,0,0
ズボンプレッサー,ずぼんぷれっさー,粗大ごみ,,,0,0,0,0
スマートフォン,すまーとふぉん,店舗回収協力店または小型家電,市役所・区役所・環境事業所・新浜リサイクルセンターなどの携帯電話・スマートフォン専用回収ボックスへ。／モバイル・リサイクルネットワーク（回収協力店が検索できます）,,1,0,1,0
炭,すみ,可燃ごみ,,,0,0,0,0
炭の灰,すみのはい,可燃ごみ,,,0,0,0,0
スライサー,すらいさー,不燃ごみ,,,0,0,0,0
スラックス,すらっくす,資源物,（古紙・布類）の【布類】,,0,0,0,0
すりこぎ棒,すりこぎぼう,可燃ごみ,,,0,0,0,0
スリッパ,すりっぱ,可燃ごみ,,,0,0,0,0
スリッパラック（木製）,すりっぱらっく（もくせい）,可燃ごみまたは粗大ごみ,,,0,0,0,0
スリッパラック（木製以外）,すりっぱらっく（もくせいいがい）,不燃ごみまたは粗大ごみ,,,0,0,0,0
すり鉢,すりはち,不燃ごみ,,,0,0,0,0
スレート（波板）（プラスチック製）,すれーと（なみいた）（ぷらすちっくせい）,不燃ごみ,,,0,0,0,0
スレート（波板）（石製・コンクリート製）,すれーと（なみいた）（いしせい・こんくりーとせい）,排出禁止物等,,,1,0,0,0
制汗剤（スプレー缶）,せいかんざい（すぷれーかん）,有害ごみ,,,0,0,0,0
制汗剤のフタ,せいかんざいのふた,可燃ごみ,,,0,0,0,0
制汗剤の包装フィルム,せいかんざいのほうそうふぃるむ,可燃ごみ,,,0,0,0,0
製図台（家庭用）,せいずだい（かていよう）,粗大ごみ,,,0,0,0,0
製図板,せいずばん,粗大ごみ,,,0,0,0,0
生鮮食品のトレイ（プラスチック製）,せいせんしょくひんのとれい（ぷらすちっくせい）,スーパー等の店頭回収へ,店頭回収実施店舗が近くにない場合「可燃ごみ」へ,,1,0,0,0
生鮮食品の包装フィルム,せいせんしょくひんのほうそうふぃるむ,可燃ごみ,,,0,0,0,0
製氷皿,せいひょうざら,不燃ごみ,,,0,0,0,0
制服,せいふく,可燃ごみ,,,0,0,0,0
精米機（家庭用）,せいまいき（かていよう）,粗大ごみ,,,0,0,0,0
整理たんす,せいりたんす,粗大ごみ,,,0,0,0,0
清涼飲料水のびん（ガラス製）,せいりょういんりょうすいのびん（がらすせい）,資源物,（びん・缶・ﾍﾟｯﾄﾎﾞﾄﾙ）の【びん】,水ですすぐ,0,0,0,0
清涼飲料水のペットボトル,せいりょういんりょうすいのぺっとぼとる,資源物,（びん・缶・ﾍﾟｯﾄﾎﾞﾄﾙ）の【ﾍﾟｯﾄﾎﾞﾄﾙ】,水ですすぐ,0,0,0,0
清涼飲料水の缶,せいりょういんりょうすいのかん,資源物,（びん・缶・ﾍﾟｯﾄﾎﾞﾄﾙ）の【缶】,水ですすぐ,0,0,0,0
生理用品,せいりようひん,可燃ごみ,,,0,0,0,0
生理用品の包装（外袋、個袋）,せいりようひんのほうそう（そとぶくろ、こふくろ）,可燃ごみ,,,0,0,0,0
セーター（既製品）,せーたー（きせいひん）,資源物,（古紙・布類）の【布類】,,0,0,0,0
セーター（手編み）,せーたー（てあみ）,可燃ごみ,,,0,0,0,0
石油ファンヒーター,せきゆふぁんひーたー,粗大ごみ,,,0,0,0,0
石油類（灯油、軽油等）,せきゆるい（とうゆ、けいゆなど）,排出禁止物等,,,1,0,0,0
石灰,せっかい,可燃ごみ,,,0,0,0,0
石鹸,せっけん,可燃ごみ,,,0,0,0,0
石鹸の個袋（紙製・プラスチック製）,せっけんのこぶくろ（かみせい・ぷらすちっくせい）,可燃ごみ,,,0,0,0,0
石鹸の外箱（紙製）,せっけんのそとばこ（かみせい）,可燃ごみ,,,0,0,0,0
石膏,せっこう,排出禁止物等,https://www.tca.or.jp/mobile-recycle/／https://www.tca.or.jp/mobile-recycle/,,1,0,0,0
石膏ボード,せっこうぼーど,排出禁止物等,,,1,0,0,0
接着剤,せっちゃくざい,可燃ごみ,,,0,0,0,0
接着剤の紙箱,せっちゃくざいのかみはこ,資源物,（古紙・布類）の【古紙（雑がみ）】,,0,0,0,0
接着剤の容器（チューブ、ボトルなど）,せっちゃくざいのようき（ちゅーぶ、ぼとるなど）,可燃ごみ,,,0,0,0,0
説明書,せつめいしょ,資源物,（古紙・布類）の【古紙（雑誌）】,,0,0,0,0
セットトップボックス（STB）,せっととっぷぼっくす（えすてぃーびー）,小型家電、不燃ごみまたは粗大ごみ,各区役所などの使用済小型家電回収ボックスへ。回収ボックス・不燃ごみ袋に入らないものは粗大ごみ,,1,0,0,1
せともの・陶器,せともの・とうき,不燃ごみまたは粗大ごみ,,,0,0,0,0
背広,せびろ,資源物,（古紙・布類）の【布類】,,0,0,0,0
セメント,せめんと,排出禁止物等,,,1,0,0,0
セラミックヒーター,せらみっくひーたー,不燃ごみまたは粗大ごみ,,,0,0,0,0
ゼリー・プリンのカップ,ぜりー・ぷりんのかっぷ,可燃ごみ,,,0,0,0,0
ゼリー・プリンの台紙,ぜりー・ぷりんのだいし,資源物,（古紙・布類）の【古紙（雑がみ）】,,0,0,0,0
ゼリー・プリンのフタ,ぜりー・ぷりんのふた,可燃ごみ,,,0,0,0,0
ゼリー・プリンの外包み,ぜりー・ぷりんのがいほうみ,可燃ごみ,,,0,0,0,0
セロハンテープ,せろはんてーぷ,可燃ごみ,,,0,0,0,0
セロハンテープの外包装・個袋（プラスチック製）,せろはんてーぷのそとほうそう・こぶくろ（ぷらすちっくせい）,可燃ごみ,,,0,0,0,0
セロハンテープの外箱,せろはんてーぷのそとばこ,資源物,（古紙・布類）の【古紙（雑がみ）】,,0,0,0,0
セロハンテープの金具（切る部分）,せろはんてーぷのかなぐ（きるぶぶん）,不燃ごみ,,,0,0,0,0
セロハンテープの芯,せろはんてーぷのしん,可燃ごみ,,,0,0,0,0
セロハンテープ台,せろはんてーぷだい,不燃ごみ,,,0,0,0,0
セロハン紙,せろはんかみ,可燃ごみ,,,0,0,0,0
洗顔料のチューブ,せんがんりょうのちゅーぶ,可燃ごみ,,,0,0,0,0
線香,せんこう,可燃ごみ,,,0,0,0,0
線香の箱,せんこうのはこ,可燃ごみ,,,0,0,0,0
洗剤の計量スプーン,せんざいのけいりょうすぷーん,可燃ごみ,,,0,0,0,0
洗剤やせっけんの箱,せんざいやせっけんのはこ,可燃ごみ,,,0,0,0,0
洗剤容器（プラ製）,せんざいようき（ぷらせい）,可燃ごみ,,,0,0,0,0
洗剤容器（紙製）,せんざいようき（かみせい）,可燃ごみ,,,0,0,0,0
洗車ブラシ,せんしゃぶらし,不燃ごみ,,,0,0,0,0
洗浄機能付便座,せんじょうきのうつきべんざ,粗大ごみ,,,0,0,0,0
扇子,せんす,可燃ごみ,,,0,0,0,0
洗濯かご（金属製、硬いプラスチック製）,せんたくかご（きんぞくせい、かたいぷらすちっくせい）,不燃ごみまたは粗大ごみ,,,0,0,0,0
洗濯かご（植物等の自然素材、シリコン製など柔らかいもの）,せんたくかご（しょくぶつとうのしぜんそざい、しりこんせいなどやわらかいもの）,可燃ごみ,,,0,0,0,0
洗濯ネット,せんたくねっと,可燃ごみ,,,0,0,0,0
洗濯のりの容器,せんたくのりのようき,可燃ごみ,,,0,0,0,0
洗濯のりの容器のフタ,せんたくのりのようきのふた,可燃ごみ,,,0,0,0,0
洗濯ばさみ,せんたくばさみ,不燃ごみ,,,0,0,0,0
洗濯用角ハンガー（洗濯ばさみが複数付属したもの）,せんたくようかくはんがー（せんたくばさみがふくすうふぞくしたもの）,不燃ごみ,不燃ごみ指定袋（20ℓ）をそれぞれひとつの品目に対して1枚ずつ縛りつけるか、テープなどで貼りつけて排出してください。,,0,0,0,0
洗濯用ハンガー（一着用）（木製）,せんたくようはんがー（いっちゃくよう）（もくせい）,可燃ごみ,,,0,0,0,0
洗濯用ハンガー（一着用）（木製以外）,せんたくようはんがー（いっちゃくよう）（もくせいいがい）,不燃ごみ,,,0,0,0,0
洗濯機,せんたっき,家電リサイクル対象,,,1,0,0,0
洗濯機棚,せんたっきたな,粗大ごみ,,,0,0,0,0
剪定くず,せんていくず,可燃ごみ,,,0,0,0,0
剪定枝（太さ10cm以内、長さ50cm以内）,せんていえだ（ふとさ10せんちいないながながさ50せんちいない）,資源物,（木の枝・刈り草・葉）・可燃ごみで出す場合は、ひもで束ねて、1回に出す量は片手で持てる量で3束程度排出可。・資源物（木の枝・刈草・葉）の収集日は、片手で持てる量でひもで束ねる。指定袋に入れなくても可。何束でも排出可。（ごみステーションからあふれる場合など多量になるときは、分けて排出してください。）,,0,0,0,0
剪定枝（太さ10cm以内、長さ50cm以内）,せんていえだ（ふとさ10せんちいないながながさ50せんちいない）,可燃ごみ,・可燃ごみで出す場合は、ひもで束ねて、1回に出す量は片手で持てる量で3束程度排出可。・資源物（木の枝・刈草・葉）の収集日は、片手で持てる量でひもで束ねる。指定袋に入れなくても可。何束でも排出可。（ごみステーションからあふれる場合など多量になるときは、分けて排出してください。）,,0,0,0,0
剪定枝（太さ15cm以内、長さ100cm超～150cm以内）,せんていえだ（ふとさ15せんちいない、ながさ100せんちちょう～150せんちいない）,粗大ごみ,・太さ20cm以内、長さ100cm以内であれば、資源物（木の枝・刈り草・葉）の収集日に排出可。・太さ15cm超又は長さ150cm超の場合は、千葉市廃棄物リサイクル事業協同組合（電話043-204-5805）へご相談ください。,,0,0,0,0
剪定枝（太さ20cm以内、長さ100cm以内）,せんていえだ（ふとさ20せんちいない、ながさ100せんちいない）,資源物,（木の枝・刈り草・葉）・ひもで片手で持てる重さまでに束ねる。指定袋に入れなくても可。何束でも排出可。（ごみステーションからあふれる場合など多量になるときは、分けて排出してください。）・太さや長さがこれを超える場合は、千葉市廃棄物リサイクル事業協同組合（電話043-204-5805）へご相談ください。,,0,0,0,0
剪定バサミ,せんていばさみ,不燃ごみまたは粗大ごみ,,,0,0,0,0
栓抜き,せんぬき,不燃ごみ,,,0,0,0,0
扇風機,せんぷうき,不燃ごみまたは粗大ごみ,,小型のもので不燃ごみの指定袋に入れば不燃ごみ。電池入りのものは外す,0,0,0,0
せんべいの袋（プラ製）,せんべいのふくろ（ぷらせい）,可燃ごみ,,,0,0,0,0
洗面器（プラスチック製）,せんめんき（ぷらすちっくせい）,市の拠点回収または不燃ごみ,ポリプロピレン製、ポリエチレン製、ポリスチレン製のものは、各区役所等に設置の回収ボックスへ。不燃ごみ指定袋（20ℓ）をそれぞれひとつの品目に対して1枚ずつ縛りつけるか、テープなどで貼りつけて排出してください。,,1,0,0,0
洗面器（木製）,せんめんき（もくせい）,可燃ごみ,,,0,0,0,0
洗面化粧台,せんめんけしょうだい,粗大ごみ,,,0,0,0,0
洗面台,せんめんだい,粗大ごみ,,,0,0,0,0
造花,ぞうか,可燃ごみ,,,0,0,0,0
双眼鏡,そうがんきょう,不燃ごみ,,,0,0,0,0
ぞうきん,ぞうきん,可燃ごみ,,,0,0,0,0
惣菜の容器（プラ製）,そうざいのようき（ぷらせい）,可燃ごみ,,,0,0,0,0
掃除機（コードレスタイプ）,そうじき（こーどれすたいぷ）,不燃ごみまたは粗大ごみ,,バッテリーは除く,0,0,0,0
掃除機（自動ロボットタイプ）,そうじき（じどうろぼっとたいぷ）,不燃ごみまたは粗大ごみ,,バッテリーは除く,0,0,0,0
掃除機の紙パック（ダスト）,そうじきのかみぱっく（だすと）,可燃ごみ,,,0,0,0,0
そうめんの空き箱（紙製）,そうめんのあきばこ（かみせい）,資源物,（古紙・布類）の【古紙（雑がみ）】,,0,0,0,0
そうめんの空き箱（木製）,そうめんのあきばこ（もくせい）,可燃ごみ,,,0,0,0,0
ぞうり,ぞうり,可燃ごみ,,,0,0,0,0
ソースのびん（ガラス製）,そーすのびん（がらすせい）,資源物,（びん・缶・ﾍﾟｯﾄﾎﾞﾄﾙ）の【びん】,,0,0,0,0
ソースの容器・フタ（プラスチック製）,そーすのようき・ふた（ぷらすちっくせい）,可燃ごみ,,,0,0,0,0
ソーラーパネル,そーらーぱねる,排出禁止物等,,,1,0,0,0
即席めんの袋（プラ製）,そくせきめんのふくろ（ぷらせい）,可燃ごみ,,,0,0,0,0
側溝の汚泥,そっこうのおでい,排出禁止物等,,,1,0,0,0
側溝のフタ（コンクリート製）,そっこうのふた（こんくりーとせい）,排出禁止物等,,,1,0,0,0
袖机,そでづくえ,粗大ごみ,,,0,0,0,0
ソノシート（シートレコード）,そのしーと（しーとれこーど）,可燃ごみ,,,0,0,0,0
ソファー（コイルスプリング又はポケットコイルあり）,そふぁー（こいるすぷりんぐまたはぽけっとこいるあり）,排出禁止物等,購入店、メーカーなどに相談（又は、市が許可を出している下記処理業者）、コイルスプリング又はポケットコイルがないものは粗大ごみ,,1,0,0,0
ソファー（コイルスプリング又はポケットコイルなし）,そふぁー（こいるすぷりんぐまたはぽけっとこいるなし）,粗大ごみ,,コイルスプリング又はポケットコイルの有無は製造メーカーにお問い合わせいただくか、カッターなどで切り開いて確認してください。,0,0,0,0
ソファーベッド（コイルスプリング又はポケットコイルあり）,そふぁーべっど（こいるすぷりんぐまたはぽけっとこいるあり）,排出禁止物等,購入店、メーカーなどに相談（又は、市が許可を出している下記処理業者）、コイルスプリング又はポケットコイルがないものは粗大ごみ,,1,0,0,0
ソファーベッド（コイルスプリング又はポケットコイルなし）,そふぁーべっど（こいるすぷりんぐまたはぽけっとこいるなし）,粗大ごみ,,コイルスプリング又はポケットコイルの有無は製造メーカーにお問い合わせいただくか、カッターなどで切り開いて確認してください。,0,0,0,0
そり,そり,粗大ごみ,,,0,0,0,0
そろばん（木製）,そろばん（もくせい）,可燃ごみ,,,0,0,0,0
そろばん（プラスチック製）,そろばん（ぷらすちっくせい）,不燃ごみ,,,0,0,0,0
体温計（水銀入り),たいおんけい（すいぎんいり),有害ごみ,,,0,0,0,0
体温計（デジタル式）,たいおんけい（でじたるしき）,小型家電または不燃ごみ,各区役所などの使用済小型家電回収ボックスへ（電池は外す）,,1,0,0,1
体温計のケース,たいおんけいのけーす,不燃ごみ,,,0,0,0,0
耐火金庫,たいかきんこ,排出禁止物等,購入店、メーカーなどに相談（又は千葉市が許可した下記処理業者）,,1,0,0,0
台紙（紙製で商品の保護・固定用）（汚れていないもの）,だいし（かみせいでしょうひんのほご・こていよう）（よごれていないもの）,資源物,（古紙・布類）の【古紙（雑がみ）】,,0,0,0,0
体脂肪計,たいしぼうけい,不燃ごみ,,電池は外す,0,0,0,0
台車,だいしゃ,粗大ごみ,,,0,0,0,0
体重計,たいじゅうけい,不燃ごみ,,電池は外す,0,0,0,0
台所ごみ,だいどころごみ,可燃ごみ,,,0,0,0,0
耐熱ガラス・耐熱コップ,たいねつがらす・たいねつこっぷ,不燃ごみ,,,0,0,0,0
タイプライター,たいぷらいたー,粗大ごみ,,,0,0,0,0
タイヤ,たいや,排出禁止物等,購入店、自動車販売店、ガソリンスタンド、カーショップなどに相談（又は、市が許可を出している下記処理業者）,,1,0,0,0
タイヤチェーン（ゴム製・ウレタン製）,たいやちぇーん（ごむせい・うれたんせい）,可燃ごみ,,,0,0,0,0
タイヤチェーン（硬いプラスチック製）,たいやちぇーん（かたいぷらすちっくせい）,不燃ごみ,,,0,0,0,0
タイヤチェーン（金属製）,たいやちぇーん（きんぞくせい）,有害ごみ,,,0,0,0,0
タイヤホイール,たいやほいーる,排出禁止物等,,,1,0,0,0
太陽光パネル,たいようこうぱねる,排出禁止物等,,,1,0,0,0
タイル,たいる,不燃ごみ,,,0,0,0,0
ダイレクトメール（郵便受けに投函されたり、一般に配布しているチラシ）,だいれくとめーる（ゆうびんうけにとうかんされたり、いっぱんにはいふしているちらし）,資源物,（古紙・布類）の【古紙（雑がみ）】,,0,0,0,0
ダイレクトメール（郵便受けに投函される、はがして読むもの・圧着ハガキ）,だいれくとめーる（ゆうびんうけにとうかんされる、はがしてよむもの・あっちゃくはがき）,可燃ごみ,,,0,0,0,0
タオル・タオルケット,たおる・たおるけっと,可燃ごみ,,,0,0,0,0
高枝切りばさみ,たかえだきりばさみ,粗大ごみ,,,0,0,0,0
抱き枕,だきまくら,可燃ごみ,,,0,0,0,0
卓上コンロ,たくじょうこんろ,不燃ごみ,,,0,0,0,0
卓上時計,たくじょうとけい,小型家電または不燃ごみ,各区役所などの使用済小型家電回収ボックスへ（電池は外す）,,1,0,0,1
宅配業者の配達専用封筒（コーティングのあるもの）,たくはいぎょうしゃのはいたつせんようふうとう（こーてぃんぐのあるもの）,可燃ごみ,,端をちぎった時にフィルム状のものが見えたら、コーティングがあるものです。コーティングがない普通紙なら【古紙（雑がみ）】として出せます。,0,0,0,0
宅配便などの複写伝票,たくはいびんなどのふくしゃでんぴょう,可燃ごみ,,,0,0,0,0
宅配便を利用する際に使われた紙箱（厚紙製）,たくはいびんをりようするさいにつかわれたかみばこ（あつがみせい）,資源物,（古紙・布類）の【古紙（雑がみ）】,,0,0,0,0
宅配便を利用する際に使われた緩衝材,たくはいびんをりようするさいにつかわれたかんしょうざい,可燃ごみ,,,0,0,0,0
竹（太さ10cm以内、長さ50cm以内）,たけ（ふとさ10せんちいない、ながさ50せんちいない）,資源物,（木の枝・刈り草・葉）,・可燃ごみで出す場合は、ひもで束ねて、1回に出す量は片手で持てる量で3束程度排出可。・資源物（木の枝・刈草・葉）の収集日は、片手で持てる量でひもで束ねる。指定袋に入れなくても可。何束でも排出可。（ごみステーションからあふれる場合など多量になるときは、分けて排出してください。）・竹垣に使用したものは、木製品になるため、可燃ごみ。,0,0,0,0
竹（太さ10cm以内、長さ50cm以内）,たけ（ふとさ10せんちいない、ながさ50せんちいない）,可燃ごみ,,・可燃ごみで出す場合は、ひもで束ねて、1回に出す量は片手で持てる量で3束程度排出可。・資源物（木の枝・刈草・葉）の収集日は、片手で持てる量でひもで束ねる。指定袋に入れなくても可。何束でも排出可。（ごみステーションからあふれる場合など多量になるときは、分けて排出してください。）・竹垣に使用したものは、木製品になるため、可燃ごみ。,0,0,0,0
竹（太さ15cm以内、長さ100cm超～150cm以内）,たけ（ふとさ15せんちいない、ながさ100せんちちょう～150せんちいない）,粗大ごみ,・太さ20cm以内、長さ100cm以内であれば、資源物（木の枝・刈り草・葉）の収集日に排出可。・太さ15cm超又は長さ150cm超の場合は、千葉市廃棄物リサイクル事業協同組合（電話043-204-5805）へご相談ください。,,0,0,0,0
竹（太さ20cm以内、長さ100cm以内）,たけ（ふとさ20せんちいない、ながさ100せんちいない）,資源物,（木の枝・刈り草・葉）・ひもで片手で持てる重さまでに束ねる。指定袋に入れなくても可。何束でも排出可。（ごみステーションからあふれる場合など多量になるときは、分けて排出してください。）・太さや長さがこれを超える場合は、千葉市廃棄物リサイクル事業協同組合（電話043-204-5805）へご相談ください。,,0,0,0,0
竹串,たけぐし,可燃ごみ,,,0,0,0,0
畳,たたみ,粗大ごみ,,,0,0,0,0
脱衣かご（硬いプラスチック製など）,だついかご（かたいぷらすちっくせいなど）,粗大ごみ,,,0,0,0,0
脱衣かご（籐などの植物素材のもの、柔らかいプラスチック製など）,だついかご（とうなどのしょくぶつそざいのもの、やわらかいぷらすちっくせいなど）,可燃ごみ,,,0,0,0,0
卓球台,たっきゅうだい,粗大ごみ,,,0,0,0,0
脱酸素剤（菓子などに入っているもの）,だつさんそざい（かしなどにいっっているもの）,可燃ごみ,,,0,0,0,0
脱脂綿,だっしめん,可燃ごみ,,,0,0,0,0
脱臭剤,だっしゅうざい,可燃ごみ,,,0,0,0,0
脱臭剤容器（プラスチック製）,だっしゅうざいようき（ぷらすちっくせい）,可燃ごみ,,,0,0,0,0
タッパー（密封容器）・タッパーのフタ（プラスチック製）（手で曲がらないような硬いもの）,たっぱー（みっぷうようき）・たっぱーのふた（ぷらすちっくせい）（てでまがらないようなかたいもの）,市の拠点回収または不燃ごみ,ポリプロピレン製、ポリエチレン製、ポリスチレン製のものは、各区役所等に設置の回収ボックスへ。,,1,0,0,0
タッパー（密封容器）・タッパーのフタ（プラスチック製）（手で曲がるような軟らかいもの）,たっぱー（みっぷうようき）・たっぱーのふた（ぷらすちっくせい）（てでまがるようなやわらかいもの）,市の拠点回収または可燃ごみ,ポリプロピレン製、ポリエチレン製、ポリスチレン製のものは、各区役所等に設置の回収ボックスへ。,,1,0,0,0
楯・トロフィー,たて・とろふぃー,不燃ごみまたは粗大ごみ,,,0,0,0,0
建具（障子・網戸・扉など）,たてぐ（しょうじ・あみど・とびらなど）,粗大ごみ,,,0,0,0,0
棚,たな,粗大ごみ,,,0,0,0,0
タバコの外包装フィルム,たばこのがいほうよそふぃるむ,可燃ごみ,,,0,0,0,0
タバコの吸殻・灰,たばこのすいがら・はい,可燃ごみ,,,0,0,0,0
タバコの空き箱,たばこのあきはこ,資源物,（古紙・布類）の【古紙（雑がみ）】,,0,0,0,0
タバコの中銀紙,たばこのちゅうぎんかみ,可燃ごみ,,,0,0,0,0
タブレット,たぶれっと,店舗回収協力店または小型家電,市役所・区役所・環境事業所・新浜リサイクルセンターなどの使用済小型家電回収ボックスへ／外した充電式電池は、市の回収拠点または回収協力店へ,,1,0,1,0
卵の殻,たまごのから,可燃ごみ,,,0,0,0,0
卵のパック,たまごのぱっく,可燃ごみ,,紙製のものでも素材として布が使用されているものがあるため「可燃ごみ」へ,0,0,0,0
たらい,たらい,粗大ごみ,,,0,0,0,0
樽,たる,可燃ごみまたは粗大ごみ,,,0,0,0,0
たれ（焼肉のたれなどの食用）の容器（ガラス製）,たれ（やきにくのたれなどのしょくよう）のようき（がらすせい）,資源物,（びん・缶・ﾍﾟｯﾄﾎﾞﾄﾙ）の【びん】,水ですすぐ,0,0,0,0
たれ（焼肉のたれなどの食用）の容器（プラスチック製・紙製）,たれ（やきにくのたれなどのしょくよう）のようき（ぷらすちっくせい・かみせい）,可燃ごみ,,,0,0,0,0
たわし（金属製）,たわし（きんぞくせい）,不燃ごみ,,,0,0,0,0
たわし,たわし,可燃ごみ,,,0,0,0,0
単行本,たんこうぼん,資源物,（古紙・布類）の【古紙（雑誌）】,,0,0,0,0
単車（オートバイ）,たんしゃ（おーとばい）,排出禁止物等,,,1,0,0,0
箪笥（タンス）,たんす（たんす）,粗大ごみ,,,0,0,0,0
タンスシート,たんすしーと,可燃ごみ,,,0,0,0,0
丹前（たんぜん）・どてら,たんぜん（たんぜん）・どてら,可燃ごみ,,,0,0,0,0
断熱材・グラスウール,だんねつざい・ぐらすうーる,排出禁止物等,,,1,0,0,0
段ボール,だんぼーる,資源物,（古紙・布類）の【古紙（段ボール）】1枚でも必ずたたんでからひもで束ねる,,0,0,0,0
チアパック（口栓付きパウチ容器）,ちあぱっく（くちせんつきぱうちようき）,可燃ごみ,,,0,0,0,0
チェーン（硬いプラスチック製）,ちぇーん（かたいぷらすちっくせい）,不燃ごみ,,,0,0,0,0
チェーン（ゴム製・ウレタン製など柔らかいもの）,ちぇーん（ごむせい・うれたんせいなどやわらかいもの）,可燃ごみ,,,0,0,0,0
チェーン（金属製）,ちぇーん（きんぞくせい）,有害ごみ,,,0,0,0,0
チェーンソー,ちぇーんそー,粗大ごみ,,バッテリーは除く,0,0,0,0
チェスト,ちぇすと,粗大ごみ,,,0,0,0,0
地球儀,ちきゅうぎ,不燃ごみまたは粗大ごみ,,,0,0,0,0
竹刀・木刀,ちくとう・ぼくとう,粗大ごみ,,,0,0,0,0
チャイルドシート,ちゃいるどしーと,粗大ごみ,,,0,0,0,0
茶がら,ちゃがら,可燃ごみ,,,0,0,0,0
茶こし（金属製・プラスチック製）,ちゃこし（きんぞくせい・ぷらすちっくせい）,不燃ごみ,,,0,0,0,0
茶こし（シリコン製など柔らかいもの）,ちゃこし（しりこんせいなどやわらかいもの）,可燃ごみ,,,0,0,0,0
茶だんす,ちゃだんす,粗大ごみ,,,0,0,0,0
着火剤,ちゃっかざい,排出禁止物等,,,1,0,0,0
茶筒（金属製）,ちゃづつ（きんぞくせい）,資源物,（びん・缶・ﾍﾟｯﾄﾎﾞﾄﾙ）の【缶】,,0,0,0,0
茶筒（プラスチック製）,ちゃづつ（ぷらすちっくせい）,不燃ごみ,,,0,0,0,0
茶筒の外箱（厚紙製）,ちゃづつのそとばこ（あつがみせい）,資源物,（古紙・布類）の【古紙（雑がみ）】,,0,0,0,0
茶筒の外箱（段ボール製）,ちゃづつのそとばこ（だんぼーるせい）,資源物,（古紙・布類）の【古紙（段ボール）】,表面に色が付いていても、断面を確認して茶色く波状の紙が挟まったものは段ボールです。,0,0,0,0
茶葉の缶（お茶、茶葉が入って販売されていたもの）,ちゃばのかん（おちゃ、ちゃばがいっってはんばいされていたもの）,資源物,（びん・缶・ﾍﾟｯﾄﾎﾞﾄﾙ）の【缶】,,0,0,0,0
茶葉の袋（茶葉が入って販売されていたもの）,ちゃばのふくろ（ちゃばがいっってはんばいされていたもの）,可燃ごみ,,,0,0,0,0
ちゃぶ台,ちゃぶだい,粗大ごみ,https://www.city.chiba.jp/kankyo/junkan/shushugyomu/hinmoku-kakudai.html／https://www.city.chiba.jp/kankyo/junkan/shushugyomu/hinmoku-kakudai.html,,0,0,0,0
茶碗,ちゃわん,不燃ごみ,,,0,0,0,0
中華鍋,ちゅうかなべ,不燃ごみまたは粗大ごみ,,,0,0,0,0
注射器（在宅医療用）,ちゅうしゃき（ざいたくいりょうよう）,可燃ごみ,注射針は必ず外してください。外した注射針の持込先のお問い合わせは（社）千葉市薬剤師会043-242-8193へ,,1,0,0,0
注射針（在宅医療用）,ちゅうしゃばり（ざいたくいりょうよう）,医療機関または回収薬局へ,持込先のお問い合わせは（社）千葉市薬剤師会043-242-8193へ,,1,0,0,0
チューナー,ちゅーなー,小型家電、不燃ごみまたは粗大ごみ,各区役所などの使用済小型家電回収ボックスへ。回収ボックス・不燃ごみ袋に入らないものは粗大ごみ,,1,0,0,1
チューナー（車載用）,ちゅーなー（しゃさいよう）,小型家電または不燃ごみ,各区役所などの使用済の小型家電回収ボックスへ,,1,0,0,1
チューブ（自転車用）,ちゅーぶ（じてんしゃよう）,可燃ごみ,,,0,0,0,0
チューブ容器（食料品や日用品等）,ちゅーぶようき（しょくりょうひんやにちようひんなど）,可燃ごみ,,,0,0,0,0
彫刻刀,ちょうこくかたな,不燃ごみ,,,0,0,0,0
彫刻品（木製）（厚さ10cm以内）,ちょうこくひん（もくせい）（あつさ10せんちいない）,可燃ごみまたは粗大ごみ,,,0,0,0,0
彫刻品（木製）（厚さ10cm超～15cm以内）,ちょうこくひん（もくせい）（あつさ10せんちちょう～15せんちいない）,不燃ごみまたは粗大ごみ,,,0,0,0,0
ちょうつがい（蝶番）,ちょうつがい（ちょうつがい）,不燃ごみ,,,0,0,0,0
調味料の缶,ちょうみりょうのかん,資源物,（びん・缶・ﾍﾟｯﾄﾎﾞﾄﾙ）の【缶】,水ですすぐ,0,0,0,0
調味料のびん（ガラス製）,ちょうみりょうのびん（がらすせい）,資源物,（びん・缶・ﾍﾟｯﾄﾎﾞﾄﾙ）の【びん】,水ですすぐ,0,0,0,0
調味料の容器（プラスチック製）,ちょうみりょうのようき（ぷらすちっくせい）,可燃ごみ,,,0,0,0,0
調理器具（金属製・硬いプラスチック製）,ちょうりきぐ（きんぞくせい・かたいぷらすちっくせい）,不燃ごみ,,,0,0,0,0
調理器具（木製・シリコン製）,ちょうりきぐ（もくせい・しりこんせい）,可燃ごみ,,,0,0,0,0
調理台,ちょうりだい,粗大ごみ,,,0,0,0,0
チョーク（白墨）,ちょーく（はくぼく）,可燃ごみ,,,0,0,0,0
チラシ,ちらし,資源物,（古紙・布類）の【古紙（雑がみ）】,,0,0,0,0
ちりとり（プラスチック製・金属製）,ちりとり（ぷらすちっくせい・きんぞくせい）,市の拠点回収、不燃ごみまたは粗大ごみ,小型のもので不燃ごみの指定袋に入れば不燃ごみ。ポリプロピレン製、ポリエチレン製、ポリスチレン製のものは、各区役所等に設置の回収ボックスへ。,,1,0,0,0
ちり紙,ちりかみ,可燃ごみ,,,0,0,0,0
ついたて,ついたて,粗大ごみ,,,0,0,0,0
つえ,つえ,粗大ごみ,,,0,0,0,0
使い捨てカイロ,つかいすてかいろ,可燃ごみ,,,0,0,0,0
使い捨てかみそり,つかいすてかみそり,不燃ごみ,,,0,0,0,0
使い捨てカメラ,つかいすてかめら,不燃ごみ,,,0,0,0,0
使い捨てライター,つかいすてらいたー,有害ごみ,,,0,0,0,0
机,つくえ,可燃ごみまたは粗大ごみ,,,0,0,0,0
付け毛（ウィッグ）,つけげ（うぃっぐ）,可燃ごみ,,,0,0,0,0
漬物石,つけものいし,排出禁止物等,,,1,0,0,0
漬物樽,つけものだる,不燃ごみまたは粗大ごみ,,,0,0,0,0
土,つち,排出禁止物等,,,1,0,0,0
つっぱり棒・つっぱり棚（プラスチック製）,つっぱりぼう・つっぱりたな（ぷらすちっくせい）,不燃ごみまたは粗大ごみ,,,0,0,0,0
葛篭（つづら）,つづら（つづら）,可燃ごみ,,,0,0,0,0
つなぎ（作業着）,つなぎ（さぎょうぎ）,可燃ごみ,,,0,0,0,0
壺（つぼ）,つぼ（つぼ）,不燃ごみまたは粗大ごみ,,,0,0,0,0
積み木（玩具）（プラスチック製・金属製）,つみき（がんぐ）（ぷらすちっくせい・きんぞくせい）,不燃ごみ,,,0,0,0,0
積み木（玩具）（木製）,つみき（がんぐ）（もくせい）,可燃ごみ,,,0,0,0,0
詰め替え製品の袋（調味料、洗剤などの詰め替え商品の入っていた袋）（紙製）,つめかえせいひんのふくろ（ちょうみりょう、せんざいなどのつめかえしょうひんのいっっていたふくろ）（かみせい）,可燃ごみ,,,0,0,0,0
詰め替え製品の容器など（プラ製）,つめかえせいひんのようきなど（ぷらせい）,可燃ごみ,,,0,0,0,0
爪切り,つめきり,不燃ごみ,,,0,0,0,0
つゆ（油分のあるもの）の容器（ペットボトル製）,つゆ（あぶらぶんのあるもの）のようき（ぺっとぼとるせい）,可燃ごみ,,,0,0,0,0
つゆ（麺つゆなどの食用・油分のないもの）の容器（ペットボトル製※）,つゆ（めんつゆなどのしょくよう・ゆぶんのないもの）のようき（ぺっとぼとるせい※）,資源物,（びん・缶・ﾍﾟｯﾄﾎﾞﾄﾙ）の【ﾍﾟｯﾄﾎﾞﾄﾙ】,水ですすぐ　　※PETマークのあるもの,0,0,0,0
つゆ（麺つゆなどの食用）の容器（ガラス製）,つゆ（めんつゆなどのしょくよう）のようき（がらすせい）,資源物,（びん・缶・ﾍﾟｯﾄﾎﾞﾄﾙ）の【びん】,水ですすぐ,0,0,0,0
つゆ（麺つゆなどの食用）の容器（紙製）,つゆ（めんつゆなどのしょくよう）のようき（かみせい）,可燃ごみ,,,0,0,0,0
釣糸,つりいと,可燃ごみ,,,0,0,0,0
釣竿（竹製）,つりざお（たけせい）,可燃ごみまたは粗大ごみ,,,0,0,0,0
釣竿（竹製以外）,つりざお（たけせいいがい）,不燃ごみまたは粗大ごみ,,,0,0,0,0
釣針,つりばり,不燃ごみ,紙で包み｢危険｣と書くか、専用のケースに入れて不燃ごみ指定袋へ,,0,0,0,0
釣り用鉛製品,つりようなまりせいひん,不燃ごみ,,,0,0,0,0
つるはし,つるはし,粗大ごみ,,,0,0,0,0
DVD（ケースを含む）,でぃーぶいでぃー（けーすをふくむ）,不燃ごみ,,,0,0,0,0
DVDの包装フィルム,でぃーぶいでぃーのほうそうふぃるむ,可燃ごみ,,,0,0,0,0
DVDプレーヤー・ DVDレコーダー,でぃーぶいでぃーぷれーやー・ でぃーぶいでぃーれこーだー,小型家電、不燃ごみまたは粗大ごみ,各区役所等に設置の回収ボックスへ。回収ボックス・不燃ごみ袋に入らないものは粗大ごみ,,1,0,0,1
Tシャツ,てぃーしゃつ,資源物,（古紙・布類）の【布類】,,0,0,0,0
低周波治療器,ていしゅうはちりょうき,不燃ごみまたは粗大ごみ,,,0,0,0,0
ディスプレイ（パソコン用）,でぃすぷれい（ぱそこんよう）,市で収集しないもの,家庭用パソコンリサイクルについて,,1,0,0,0
ティッシュペーパー,てぃっしゅぺーぱー,可燃ごみ,,,0,0,0,0
ティッシュボックス（紙箱）,てぃっしゅぼっくす（かみばこ）,資源物,（古紙・布類）の【古紙（雑がみ）】,,0,0,0,0
ティッシュボックス（紙箱）取出口のフィルム,てぃっしゅぼっくす（かみばこ）とりだしくちのふぃるむ,可燃ごみ,,,0,0,0,0
デイパック,でいぱっく,可燃ごみ,,,0,0,0,0
テーブル,てーぶる,粗大ごみ,,,0,0,0,0
テーブルクロス,てーぶるくろす,可燃ごみ,,,0,0,0,0
テーブルタップ（電気コード）,てーぶるたっぷ（でんきこーど）,不燃ごみ,,,0,0,0,0
テープレコーダー,てーぷれこーだー,小型家電、不燃ごみまたは粗大ごみ,各区役所等に設置の回収ボックスへ。回収ボックス・不燃ごみ袋に入らないものは粗大ごみ,,1,0,0,1
テープ類,てーぷるい,可燃ごみ,,,0,0,0,0
手おけ（木製）,ておけ（もくせい）,可燃ごみ,,,0,0,0,0
手おけ（木製以外）,ておけ（もくせいいがい）,市の拠点回収または不燃ごみ,ポリプロピレン製、ポリエチレン製、ポリスチレン製のものは、各区役所等に設置の回収ボックスへ。,,1,0,0,0
手押し車,ておしぐるま,粗大ごみ,,,0,0,0,0
手鏡,てかがみ,不燃ごみ,,,0,0,0,0
手紙,てがみ,資源物,（古紙・布類）の【古紙（雑がみ）】,,0,0,0,0
テグス（釣り糸）,てぐす（つりいと）,可燃ごみ,,,0,0,0,0
手提げ金庫,てさげきんこ,不燃ごみ,,,0,0,0,0
手提げ袋（紙製）（コーティングのないもの）,てさげげぶくろ（かみせい）（こーてぃんぐのないもの）,資源物,（古紙・布類）の【古紙（雑がみ）】,持ち手部分が紙以外の素材は取り除く。端をちぎった時にフィルム状のものが見えたら、コーティングがあるものです。コーティングのあるものは「可燃ごみ」へ。,0,0,0,0
デジタルカメラ,でじたるかめら,小型家電または不燃ごみ,各区役所などの使用済小型家電回収ボックスへ／外した充電式電池は、市の回収拠点または回収協力店へ,,1,0,0,1
デスクトップパソコン本体,ですくとっぷぱそこんほんたい,市で収集しないもの,家庭用パソコンリサイクルについて,,1,0,0,0
手帳,てちょう,資源物,（古紙・布類）の【古紙（雑誌）】,個人情報のあるものは「可燃ごみ」へ,0,0,0,0
手帳のカバー,てちょうのかばー,可燃ごみ,,,0,0,0,0
鉄アレイ・ダンベル,てつあれい・だんべる,有害ごみまたは粗大ごみ,,20ℓ以下の透明な袋に入れば有害ごみ,0,0,0,0
デッキブラシ,でっきぶらし,粗大ごみ,,プラスチック製の小型のもので不燃ごみの指定袋からはみ出さなければ「不燃ごみ」、同様に、柄が木製で指定袋に入れば「可燃ごみ」,0,0,0,0
テニスボール,てにすぼーる,可燃ごみ,,,0,0,0,0
テニスラケット（木製）,てにすらけっと（もくせい）,可燃ごみ,,,0,0,0,0
テニスラケット（木製以外）,てにすらけっと（もくせいいがい）,不燃ごみまたは粗大ごみ,,小型のもので不燃ごみの指定袋に入れば不燃ごみ,0,0,0,0
テニスラケットのケース,てにすらけっとのけーす,可燃ごみ,,,0,0,0,0
手ぬぐい,てぬぐい,可燃ごみ,,,0,0,0,0
手袋（革製・ゴム製・布製）,てぶくろ（かわせい・ごむせい・ぬのせい）,可燃ごみ,,,0,0,0,0
テレビ（車載用）,てれび（しゃさいよう）,小型家電または不燃ごみ,各区役所等に設置の回収ボックスへ。,,1,0,0,1
テレビ（ブラウン管・液晶・プラズマ式・有機EL）,てれび（ぶらうんかん・えきしょう・ぷらずましき・ゆうきいーえる）,家電リサイクル対象,,,1,0,0,0
テレビ（プロジェクション式）,てれび（ぷろじぇくしょんしき）,不燃ごみまたは粗大ごみ,,小型のもので不燃ごみの指定袋に入れば不燃ごみ,0,0,0,0
テレビアンテナ,てれびあんてな,不燃ごみまたは粗大ごみ,,,0,0,0,0
テレビゲーム,てれびげーむ,不燃ごみ,,,0,0,0,0
テレビゲームのソフト,てれびげーむのそふと,不燃ごみ,http://www.city.chiba.jp/kankyo/junkan/shushugyomu/syusyushinai.html／http://www.city.chiba.jp/kankyo/junkan/shushugyomu/syusyushinai.html,,1,0,0,0
テレビ台,てれびだい,粗大ごみ,,,0,0,0,0
テレホンカード,てれほんかーど,可燃ごみ,,,0,0,0,0
電化製品の空き箱（段ボール）,でんかせいひんのあきはこ（だんぼーる）,資源物,（古紙・布類）の【古紙（段ボール）】,,0,0,0,0
電化製品の緩衝材（発泡スチロール）,でんかせいひんのかんしょうざい（はっぽうすちろーる）,可燃ごみ,,,0,0,0,0
電気あんか,でんきあんか,不燃ごみ,,,0,0,0,0
電気鉛筆削り,でんきえんぴつけずり,不燃ごみ,,,0,0,0,0
電気カーペット,でんきかーぺっと,可燃ごみまたは粗大ごみ,電源プラグなど硬いプラスチック部分は取り外して不燃ごみへ。（取り外せなければそのまま「可燃ごみ」か「粗大ごみ」へ）,,0,0,0,0
電気釜（炊飯器）（一升炊き以下）,でんきがま（すいはんき）（いっしょうだきいか）,不燃ごみ,不燃ごみ指定袋（20ℓ）をそれぞれひとつの品目に対して1枚ずつ縛りつけるか、テープなどで貼りつけて排出してください。,,0,0,0,0
電気釜（炊飯器）（一升炊き超）,でんきがま（すいはんき）（いっしょうだきこ）,粗大ごみ,,,0,0,0,0
電気カミソリ・電気ひげそり（充電電池式）,でんきかみそり・でんきひげそり（じゅうでんでんちしき）,小型家電または不燃ごみ,各区役所などの使用済小型家電回収ボックスへ（外した充電式電池は、市の回収拠点または回収協力店へ）／外した充電式電池は、市の回収拠点または回収協力店へ,,1,0,0,1
電気カミソリ・電気ひげそり（乾電池式）,でんきかみそり・でんきひげそり（かんでんちしき）,小型家電または不燃ごみ,各区役所などの使用済小型家電回収ボックスへ(電池は外す),,1,0,0,1
電気器具（小型のもの）,でんききぐ（こがたのもの）,不燃ごみ,,,0,0,0,0
電気コード,でんきこーど,小型家電または不燃ごみ,各区役所などの使用済小型家電回収ボックスへ,,1,0,0,1
電気こたつ,でんきこたつ,粗大ごみ,,,0,0,0,0
電気コンロ,でんきこんろ,不燃ごみ,,,0,0,0,0
電気スタンド,でんきすたんど,不燃ごみまたは粗大ごみ,,小型のもので不燃ごみの指定袋に入れば「不燃ごみ」,0,0,0,0
電気製品等の説明書,でんきせいひんとうのせつめいしょ,資源物,（古紙・布類）の【古紙（雑誌）】,,0,0,0,0
電気掃除機,でんきそうじき,不燃ごみまたは粗大ごみ,,小型のもので不燃ごみの指定袋に入れば「不燃ごみ」,0,0,0,0
電気バリカン（充電電池式）,でんきばりかん（じゅうでんでんちしき）,小型家電または不燃ごみ,各区役所などの使用済小型家電回収ボックスへ／外した充電式電池は、市の回収拠点または回収協力店へ／http://www.city.chiba.jp/kankyo/junkan/shushugyomu/syusyushinai.html,,1,0,0,1
電気バリカン（乾電池式）,でんきばりかん（かんでんちしき）,小型家電または不燃ごみ,各区役所などの使用済小型家電回収ボックスへ（電池は外す）,,1,0,0,1
電気ポット,でんきぽっと,不燃ごみ,,,0,0,0,0
電気毛布,でんきもうふ,可燃ごみまたは粗大ごみ,電源プラグなど硬いプラスチック部分は取り外して不燃ごみへ。（取り外せなければそのまま「可燃ごみ」か「粗大ごみ」へ）,,0,0,0,0
電球（白熱灯・LED電球）,でんきゅう（はくねつとう・えるいーでぃーでんきゅう）,不燃ごみ,,割れたものは紙で包み「キケン」と書いて不燃ごみ指定袋へ,0,0,0,0
電子ゲーム機（携帯ゲーム機）（充電電池式）,でんしげーむき（けいたいげーむき）（じゅうでんでんちしき）,小型家電または不燃ごみ,各区役所などの使用済小型家電回収ボックスへ／外した充電式電池は、市の回収拠点または回収協力店へ,,1,0,0,1
電子ゲーム機（携帯ゲーム機）（乾電池式）,でんしげーむき（けいたいげーむき）（かんでんちしき）,小型家電または不燃ごみ,各区役所などの使用済小型家電回収ボックスへ（電池は外す）,,1,0,0,1
電子辞書,でんしじしょ,小型家電または不燃ごみ,各区役所などの使用済小型家電回収ボックスへ／外した充電式電池は、市の回収拠点または回収協力店へ,,1,0,0,1
電子書籍端末（電子ブックリーダー）,でんししょせきたんまつ（でんしぶっくりーだー）,小型家電または不燃ごみ,各区役所などの使用済小型家電回収ボックスへ／外した充電式電池は、市の回収拠点または回収協力店へ,,1,0,0,1
電子体温計,でんしたいおんけい,小型家電または不燃ごみ,各区役所などの使用済小型家電回収ボックスへ（電池は外す）,,1,0,0,1
電子タバコ,でんしたばこ,排出禁止物等,購入店、メーカーなどに相談（バッテリーを除去できれば不燃ごみとして排出可）,,1,0,0,0
電磁調理器（IH）,でんじちょうりき（あいえいち）,不燃ごみまたは粗大ごみ,,,0,0,0,0
電子手帳,でんしてちょう,不燃ごみ,,電池は外す,0,0,0,0
電子ピアノ・電子オルガン,でんしぴあの・でんしおるがん,粗大ごみ,サイドフレーム・ペダル鍵盤などがないもの又は外してあるもの、長さが1.5m以下のものであること。長さが1.5mを超えるものは、購入店、メーカーなどに相談（又は千葉市が許可した下記処理業者）,,0,0,0,0
電子付属品（ACアダプター・コード類）,でんしふぞくひん（えーしーあだぷたー・こーどるい）,小型家電または不燃ごみ,各区役所などの使用済小型家電回収ボックスへ,,1,0,0,1
点字本,てんじぼん,可燃ごみ,,,0,0,0,0
電子レンジ,でんしれんじ,粗大ごみ,,,0,0,0,0
電子レンジ台,でんしれんじだい,粗大ごみ,,,0,0,0,0
天体望遠鏡,てんたいぼうえんきょう,不燃ごみまたは粗大ごみ,,,0,0,0,0
電卓,でんたく,小型家電または不燃ごみ,各区役所などの使用済小型家電回収ボックスへ（電池は外す）,,1,0,0,1
電池（アルカリ乾電池、マンガン乾電池）,でんち（あるかりかんでんち、まんがんかんでんち）,有害ごみ,,,0,0,0,0
電池（携帯電話・PHSの充電式電池）,でんち（けいたいでんわ・ぴーえいちえすのじゅうでんしきでんち）,店頭回収協力店へ,モバイル・リサイクルネットワーク（回収協力店が検索できます）,,1,1,0,0
電池（小型充電式）,でんち（こがたじゅうでんしき）,市の拠点回収または店舗回収協力店,一般社団法人JBRC（回収協力店が検索できます）／市内の環境事業所、新浜リサイクルセンターに持ち込む。／https://www.city.chiba.jp/kankyo/junkan/shushugyomu/hinmoku-kakudai.html,,1,1,0,0
電池（ボタン型）,でんち（ぼたんかた）,店頭回収協力店へ,（社）電池工業会　ボタン電池回収推進センター（回収協力店が検索できます）,,1,1,0,0
テント,てんと,可燃ごみまたは粗大ごみ,,,0,0,0,0
電動カート,でんどうかーと,粗大ごみ,,バッテリーは除く,0,0,0,0
電動車いす,でんどうくるまいす,粗大ごみ,,バッテリーは除く,0,0,0,0
電動工具,でんどうこうぐ,不燃ごみまたは粗大ごみ,,,0,0,0,0
電動自転車,でんどうじてんしゃ,粗大ごみ,,バッテリーは除く,0,0,0,0
電動歯ブラシ（充電電池式）,でんどうはぶらし（じゅうでんでんちしき）,小型家電または不燃ごみ,各区役所などの使用済小型家電回収ボックスへ／外した充電式電池は、市の回収拠点または回収協力店へ,,1,0,0,1
電動歯ブラシ（乾電池式）,でんどうはぶらし（かんでんちしき）,小型家電または不燃ごみ,各区役所などの使用済小型家電回収ボックスへ（電池は外す）,,1,0,0,1
電動ベッド,でんどうべっど,粗大ごみ,https://www.city.chiba.jp/kankyo/junkan/shushugyomu/hinmoku-kakudai.html,バッテリーは除く,0,0,0,0
てんぷらガード,てんぷらがーど,不燃ごみまたは粗大ごみ,,,0,0,0,0
てんぷら油,てんぷらあぶら,回収場所へ,回収場所はこちらでご確認ください。,少量ずつボロ布などに含ませれば「可燃ごみ」で可,1,0,0,0
電話機,でんわき,小型家電または不燃ごみ,各区役所などの使用済小型家電回収ボックスへ。（電池・バッテリーは外す）,,1,0,0,1
電話台,でんわだい,粗大ごみ,,,0,0,0,0
電話帳,でんわちょう,資源物,（古紙・布類）の【古紙（雑誌）】https://www.city.chiba.jp/kankyo/junkan/shushugyomu/hinmoku-kakudai.html／https://www.city.chiba.jp/kankyo/junkan/shushugyomu/hinmoku-kakudai.html,,0,0,0,0
ドア,どあ,粗大ごみ,,,0,0,0,0
砥石（といし）,といし（といし）,排出禁止物等,,,1,0,0,0
トイレタンク,といれたんく,粗大ごみ,https://www.city.chiba.jp/kankyo/junkan/shushugyomu/hinmoku-kakudai.html／https://www.city.chiba.jp/kankyo/junkan/shushugyomu/hinmoku-kakudai.html,,0,0,0,0
トイレットペーパー,といれっとぺーぱー,可燃ごみ,,,0,0,0,0
トイレットペーパーの外包装,といれっとぺーぱーのがいほうそう,可燃ごみ,https://www.city.chiba.jp/kankyo/junkan/shushugyomu/hinmoku-kakudai.html／https://www.city.chiba.jp/kankyo/junkan/shushugyomu/hinmoku-kakudai.html,,0,0,0,0
トイレットペーパーの芯,といれっとぺーぱーのしん,資源物,（古紙・布類）の【古紙（雑がみ）】,,0,0,0,0
トイレブラシ,といれぶらし,不燃ごみ,,,0,0,0,0
トイレマット,といれまっと,可燃ごみ,,,0,0,0,0
籐（とう）家具,とう（とう）かぐ,粗大ごみ,,,0,0,0,0
籐（とう）製品,とう（とう）せいひん,可燃ごみまたは粗大ごみ,,,0,0,0,0
陶器・せともの,とうき・せともの,不燃ごみまたは粗大ごみ,,,0,0,0,0
道具箱（木製）,どうぐばこ（もくせい）,可燃ごみ,,,0,0,0,0
道具箱（木製以外）,どうぐばこ（もくせいいがい）,不燃ごみ,,,0,0,0,0
動物の死体（野良猫など）,どうぶつのしたい（のらねこなど）,環境事業所へ申込,,,0,0,0,0
灯油,とうゆ,排出禁止物等,,,1,0,0,0
灯油缶（一斗缶）,とうゆかん（いっとかん）,不燃ごみ,不燃ごみ指定袋（20ℓ）をそれぞれひとつの品目に対して1枚ずつ縛りつけるか、テープなどで貼りつけて排出してください。,,0,0,0,0
灯油ポリタンク（20ℓ以下）,とうゆぽりたんく（20ℓいか）,不燃ごみ,不燃ごみ指定袋（20ℓ）をそれぞれひとつの品目に対して1枚ずつ縛りつけるか、テープなどで貼りつけて排出してください。,,0,0,0,0
灯油ポンプ（手動式）,とうゆぽんぷ（しゅどうしき）,可燃ごみ,https://www.tca.or.jp/mobile-recycle/／https://www.tca.or.jp/mobile-recycle/,,1,0,0,0
灯油ポンプ（電動式）,とうゆぽんぷ（でんどうしき）,不燃ごみまたは粗大ごみ,,小型のもので不燃ごみの指定袋に入れば「不燃ごみ」。電池入りのものは外す,0,0,0,0
トースター,とーすたー,不燃ごみまたは粗大ごみ,https://www.city.chiba.jp/kankyo/junkan/shushugyomu/hinmoku-kakudai.html／https://www.city.chiba.jp/kankyo/junkan/shushugyomu/hinmoku-kakudai.html,,0,0,0,0
土管・Ｕ字溝,どかん・ゆーじみぞ,排出禁止物等,http://www.botankaishu.jp/／http://www.botankaishu.jp/,,1,0,0,0
特殊薬品（劇薬等）の容器,とくしゅやくひん（げきやくとう）のようき,排出禁止物等,,,1,0,0,0
時計,とけい,小型家電、不燃ごみまたは粗大ごみ,各区役所などの使用済小型家電回収ボックスへ。回収ボックス・不燃ごみ袋に入らないものは粗大ごみ,,1,0,0,1
戸棚,とだな,粗大ごみ,,,0,0,0,0
トタン板,とたんいた,粗大ごみ,,,0,0,0,0
とっくり,とっくり,不燃ごみ,,,0,0,0,0
土鍋,どなべ,不燃ごみ,,,0,0,0,0
ドライバー（工具）,どらいばー（こうぐ）,不燃ごみ,https://www.city.chiba.jp/kankyo/junkan/shushugyomu/hinmoku-kakudai.html／https://www.city.chiba.jp/kankyo/junkan/shushugyomu/hinmoku-kakudai.html,,0,0,0,0
ドライフラワー,どらいふらわー,可燃ごみ,,,0,0,0,0
ドライヤー,どらいやー,小型家電または不燃ごみ,各区役所などの使用済小型家電回収ボックスへ,,1,0,0,1
ドラムセット,どらむせっと,粗大ごみ,,,0,0,0,0
ドラム缶,どらむかん,粗大ごみ,,サイズによっては収集不可,0,0,0,0
トランプ,とらんぷ,可燃ごみ,http://www.city.chiba.jp/kankyo/junkan/haikibutsu/haisyokuyu.html／http://www.city.chiba.jp/kankyo/junkan/haikibutsu/haisyokuyu.html,,1,0,0,0
トランポリン,とらんぽりん,粗大ごみ,,,0,0,0,0
鳥かご,とりかご,不燃ごみまたは粗大ごみ,,,0,0,0,0
ドリッパー（コーヒー用）,どりっぱー（こーひーよう）,不燃ごみ,,,0,0,0,0
塗料（中身）,とりょう（なかみ）,排出禁止物等,,,1,0,0,0
塗料缶・びん,とりょうかん・びん,不燃ごみ,,使い切ってから出して下さい。,0,0,0,0
塗料スプレー空き缶,とりょうすぷれーあきかん,有害ごみ,,,0,0,0,0
塗料容器（プラスチック製）,とりょうようき（ぷらすちっくせい）,不燃ごみ,,,0,0,0,0
ドリル（電動・手動）・ドリルの刃,どりる（でんどう・しゅどう）・どりるのは,不燃ごみ,,,0,0,0,0
トレー（木製）,とれー（もくせい）,可燃ごみ,,,0,0,0,0
トレー（木製以外）,とれー（もくせいいがい）,市の拠点回収または不燃ごみ,ポリプロピレン製、ポリエチレン製、ポリスチレン製のものは、各区役所等に設置の回収ボックスへ,,1,0,0,0
トレーナー,とれーなー,資源物,（古紙・布類）の【布類】,,0,0,0,0
トレーニング用ベンチ,とれーにんぐようべんち,粗大ごみ,,,0,0,0,0
ドレッサー,どれっさー,粗大ごみ,,,0,0,0,0
ドレッシングの容器（ガラス製）,どれっしんぐのようき（がらすせい）,資源物,（びん・缶・ﾍﾟｯﾄﾎﾞﾄﾙ）の【びん】,水ですすぐ,0,0,0,0
ドレッシングの容器（プラスチック製）,どれっしんぐのようき（ぷらすちっくせい）,可燃ごみ,,,0,0,0,0
泥,どろ,排出禁止物等,,,1,0,0,0
トロフィー,とろふぃー,不燃ごみまたは粗大ごみ,,,0,0,0,0
とんかち（金づち）,とんかち（きんづち）,不燃ごみ,,,0,0,0,0
どんぶり（陶器製）,どんぶり（とうきせい）,不燃ごみ,,,0,0,0,0
ナイフ,ないふ,不燃ごみ,紙で包み｢危険｣と書いて不燃ごみ指定袋へ（指定袋に入る場合）,,0,0,0,0
苗木のポット（柔らかいプラスチック製）,なえぎのぽっと（やわらかいぷらすちっくせい）,可燃ごみ,,,0,0,0,0
長靴,ながぐつ,可燃ごみ,,,0,0,0,0
流し台,ながしだい,粗大ごみ,,,0,0,0,0
鉈（なた）,なた（なた）,不燃ごみまたは粗大ごみ,,,0,0,0,0
夏がけ（タオルケット）,なつがけ（たおるけっと）,可燃ごみ,,,0,0,0,0
納豆の包装フィルム,なっとうのほうそうふぃるむ,可燃ごみ,,,0,0,0,0
納豆の容器,なっとうのようき,可燃ごみ,,,0,0,0,0
鍋,なべ,不燃ごみ,,,0,0,0,0
生ごみ・台所ごみ（調理くず）,なまごみ・だいどころごみ（ちょうりくず）,可燃ごみ,,,0,0,0,0
生ごみ処理機,なまごみしょりき,不燃ごみまたは粗大ごみ,,,0,0,0,0
波板（プラスチック製）,なみいた（ぷらすちっくせい）,不燃ごみまたは粗大ごみ,,,0,0,0,0
波板（石製・コンクリート製）,なみいた（いしせい・こんくりーとせい）,排出禁止物等,,,1,0,0,0
ニカド電池、ニッケル水素電池,にかどでんち、にっけるすいそでんち,市の拠点回収または店舗回収協力店,一般社団法人JBRC（回収協力店が検索できます）／市内の環境事業所、新浜リサイクルセンターに持ち込む。,,1,1,0,0
ニス,にす,排出禁止物等,,,1,0,0,0
二段ベッド,にだんべっど,粗大ごみ,,,0,0,0,0
日曜大工用具,にちようだいくようぐ,不燃ごみまたは粗大ごみ,,,0,0,0,0
入浴剤の袋（プラスチック製）,にゅうよくざいのふくろ（ぷらすちっくせい）,可燃ごみ,,,0,0,0,0
入浴剤の容器,にゅうよくざいのようき,可燃ごみ,,,0,0,0,0
庭池,にわいけ,粗大ごみ,,,0,0,0,0
人形ケース（ガラス製）,にんぎょうけーす（がらすせい）,不燃ごみまたは粗大ごみ,できるだけ分解し、ガラス部分は紙で包み｢危険｣と書いて不燃ごみ指定袋へ（指定袋に入る場合）。枠部分は木製なら「可燃ごみ」、プラスチック製なら「不燃ごみ」へ。,,0,0,0,0
ぬいぐるみ,ぬいぐるみ,可燃ごみ,,,0,0,0,0
縫い針,ぬいばり,不燃ごみ,紙で包み｢危険｣と書くか、専用のケースに入れて不燃ごみ指定袋へ,,0,0,0,0
ぬか（米糠）,ぬか（こめぬか）,可燃ごみ,,,0,0,0,0
布くず,ぬのくず,可燃ごみ,,,0,0,0,0
ネガフィルム,ねがふぃるむ,可燃ごみ,,,0,0,0,0
ネクタイ,ねくたい,可燃ごみ,,,0,0,0,0
ネクタイピン,ねくたいぴん,不燃ごみ,,,0,0,0,0
猫の死体,ねこのしたい,環境事業所へ申込,,,0,0,0,0
猫のトイレ,ねこのといれ,粗大ごみ,,,0,0,0,0
猫のトイレシート・砂,ねこのといれしーと・すな,可燃ごみ,,,0,0,0,0
ねじ,ねじ,不燃ごみ,,,0,0,0,0
熱さまし用シート,ねつさましようしーと,可燃ごみ,,,0,0,0,0
ネット（玉ねぎ・ミカン、水きり用など）,ねっと（たまねぎ・みかん、みずきりようなど）,可燃ごみ,,,0,0,0,0
寝袋（シュラフ）,ねぶくろ（しゅらふ）,可燃ごみ,,,0,0,0,0
粘着カーペットクリーナー（シート紙）,ねんちゃくかーぺっとくりーなー（しーとかみ）,可燃ごみ,,,0,0,0,0
粘土,ねんど,可燃ごみ,,,0,0,0,0
農園芸用ビニール類,のうえんげいようびにーるるい,可燃ごみ,,,0,0,0,0
農機具,のうきぐ,粗大ごみ,,,0,0,0,0
農薬,のうやく,排出禁止物等,,,1,0,0,0
農薬が入っていたびん,のうやくがはいっていたびん,排出禁止物等,,,1,0,0,0
ノート,のーと,資源物,（古紙・布類）の【古紙（雑誌）】,,0,0,0,0
ノートパソコン,のーとぱそこん,小型家電又は市で収集しないもの,＜投入口（15×30㎝）に入るもの＞市役所・区役所・環境事業所・新浜リサイクルセンターの使用済小型家電回収ボックスへ（外した充電式電池は、市の回収拠点または回収協力店へ）／家庭用パソコンリサイクルについて,,1,0,0,1
のこぎり,のこぎり,不燃ごみまたは粗大ごみ,紙で包み｢危険｣と書いて不燃ごみ指定袋へ（指定袋に入る場合）,,0,0,0,0
ノミ（日曜大工道具）,のみ（にちようだいくどうぐ）,不燃ごみ,紙で包み｢危険｣と書いて不燃ごみ指定袋へ,,0,0,0,0
飲み薬の容器（プラ製）,のみぐすりのようき（ぷらせい）,不燃ごみ,,,0,0,0,0
のりの個包装（プラスチック製・紙製）,のりのこほうそう（ぷらすちっくせい・かみせい）,可燃ごみ,,,0,0,0,0
のりの佃煮の空きびん（ガラス製）,のりのつくだにのあきびん（がらすせい）,資源物,（びん・缶・ﾍﾟｯﾄﾎﾞﾄﾙ）の【びん】http://www.jbrc.com/,水ですすぐ,1,0,0,0
のりの佃煮の空きびんのフタ(金属製),のりのつくだにのあきびんのふた(きんぞくせい),資源物,（びん・缶・ﾍﾟｯﾄﾎﾞﾄﾙ）の【缶】https://www.city.chiba.jp/kankyo/junkan/shushugyomu/hinmoku-kakudai.html／https://www.city.chiba.jp/kankyo/junkan/shushugyomu/hinmoku-kakudai.html,,0,0,0,0
のりの容器（缶）,のりのようき（かん）,資源物,（びん・缶・ﾍﾟｯﾄﾎﾞﾄﾙ）の【缶】,,0,0,0,0
葉（落ち葉）,は（おちば）,資源物,（木の枝・刈り草・葉）・可燃・不燃ごみ旧指定袋を含む、透明・半透明袋で排出できます。何袋でも排出可。（ごみステーションからあふれる場合など多量になるときは、分けて排出してください。）・1回につき3袋程度までであれば、可燃ごみでも排出可,,0,0,0,0
葉（落ち葉）,は（おちば）,可燃ごみ,・可燃・不燃ごみ旧指定袋を含む、透明・半透明袋で排出できます。何袋でも排出可。（ごみステーションからあふれる場合など多量になるときは、分けて排出してください。）・1回につき3袋程度までであれば、可燃ごみでも排出可,,0,0,0,0
パークゴルフのクラブ,ぱーくごるふのくらぶ,粗大ごみ,,,0,0,0,0
ハードディスク（HDD）,はーどでぃすく（えいちでぃーでぃー）,小型家電、不燃ごみまたは粗大ごみ,情報などを消去したうえで各区役所などの使用済小型家電回収ボックスへ。回収ボックス・不燃ごみ袋に入らないものは粗大ごみ,,1,0,0,1
ハードディスク（HDD）レコーダー,はーどでぃすく（えいちでぃーでぃー）れこーだー,小型家電、不燃ごみまたは粗大ごみ,各区役所などの使用済小型家電回収ボックスへ。回収ボックス・不燃ごみ袋に入らないものは粗大ごみ,,1,0,0,1
バーベキューコンロ,ばーべきゅーこんろ,粗大ごみ,,,0,0,0,0
バーベル（バー・おもり）,ばーべる（ばー・おもり）,有害ごみまたは粗大ごみ,,有害ごみで捨てる場合は、不燃ごみとはっきりと区別して、20ℓ以下の透明な袋に入れて出す。,0,0,0,0
ハーモニカ,はーもにか,不燃ごみ,,,0,0,0,0
灰,はい,可燃ごみ,,,0,0,0,0
バイク,ばいく,排出禁止物等,二輪車リサイクルコールセンターTEL：050-3000-0727https://www.jarc.or.jp/motorcycle/,,1,0,0,0
灰皿,はいざら,不燃ごみ,,,0,0,0,0
廃食油,はいしょくゆ,回収場所へ,回収場所はこちらでご確認ください。,少量ずつボロ布などに含ませれば「可燃ごみ」で可,1,0,0,0
排尿バッグ,はいにょうばっぐ,可燃ごみ,,,0,0,0,0
パイプいす,ぱいぷいす,粗大ごみ,,,0,0,0,0
パイプハンガー,ぱいぷはんがー,粗大ごみ,,,0,0,0,0
パイプベッド,ぱいぷべっど,粗大ごみ,,,0,0,0,0
廃油（灯油・ガソリン・オイル類）,はいゆ（とうゆ・がそりん・おいるるい）,排出禁止物等,,,1,0,0,0
廃油処理パック,はいゆしょりぱっく,可燃ごみ,,,0,0,0,0
バインダー,ばいんだー,可燃ごみ,,,0,0,0,0
ハエたたき,はえたたき,可燃ごみ,,,0,0,0,0
はがき（再生紙などの普通紙）,はがき（さいせいしなどのふつうし）,資源物,（古紙・布類）の【古紙（雑がみ）】,個人情報のあるものは「可燃ごみ」へ,0,0,0,0
はがき（和紙）,はがき（わし）,可燃ごみ,,,0,0,0,0
はがき（郵便受けに投函されるはがして読むもの・圧着ハガキ）,はがき（ゆうびんうけにとうかんされるはがしてよむもの・あっちゃくはがき）,可燃ごみ,,,0,0,0,0
はかり（ヘルスメーター）,はかり（へるすめーたー）,不燃ごみ,,,0,0,0,0
はかり（台所用）,はかり（だいどころよう）,不燃ごみ,,,0,0,0,0
はきもの類,はきものるい,可燃ごみ,,,0,0,0,0
剥製,はくせい,可燃ごみまたは粗大ごみ,,,0,0,0,0
白熱灯（電球）,はくねつとう（でんきゅう）,不燃ごみ,http://www.city.chiba.jp/kankyo/junkan/shushugyomu/syusyushinai.html／http://www.city.chiba.jp/kankyo/junkan/shushugyomu/syusyushinai.html,,1,0,0,0
ハケ,はけ,可燃ごみ,,,0,0,0,0
バケツ,ばけつ,市の拠点回収または不燃ごみ,ポリプロピレン製、ポリエチレン製、ポリスチレン製のものは、各区役所等に設置の回収ボックスへ,,1,0,0,0
はさみ,はさみ,不燃ごみ,,,0,0,0,0
箸（はし）,はし（はし）,可燃ごみ,,,0,0,0,0
はしご,はしご,粗大ごみ,,,0,0,0,0
はし袋（紙製以外）,はしふくろ（かみせいいがい）,可燃ごみ,,,0,0,0,0
はし袋（紙製で汚れていないもの）,はしふくろ（かみせいでよごれていないもの）,資源物,（古紙・布類）の【古紙（雑がみ）】,汚れたものは「可燃ごみ」へ,0,0,0,0
バスケットゴール,ばすけっとごーる,粗大ごみ,,,0,0,0,0
バスケットボール,ばすけっとぼーる,可燃ごみ,なるべく空気を抜いてから「可燃ごみ」へ,,0,0,0,0
バスポンプ（本体）,ばすぽんぷ（ほんたい）,不燃ごみ,,,0,0,0,0
バスポンプのホース,ばすぽんぷのほーす,可燃ごみ,,,0,0,0,0
バスマット,ばすまっと,可燃ごみ,,,0,0,0,0
パソコン（本体、ディスプレイ、一体型）,ぱそこん（ほんたい、でぃすぷれい、いったいがた）,市で収集しないもの,家庭用パソコンリサイクルについて,,1,0,0,0
パソコンキーボード・マウス,ぱそこんきーぼーど・まうす,不燃ごみ,本体等をメーカーへリサイクルに出す場合は購入時の標準添付品(マウス、キーボード、スピーカー、ケーブルなど)も一緒に出せます。,,0,0,0,0
パソコンデスク,ぱそこんですく,粗大ごみ,,,0,0,0,0
パソコンプリンター,ぱそこんぷりんたー,不燃ごみまたは粗大ごみ,,,0,0,0,0
パソコンラック,ぱそこんらっく,粗大ごみ,,,0,0,0,0
パソコン周辺機器,ぱそこんしゅうへんきき,不燃ごみ,,,0,0,0,0
バター・マーガリンの容器フタ（プラスチック製）,ばたー・まーがりんのようきふた（ぷらすちっくせい）,可燃ごみ,,,0,0,0,0
バターの外箱（紙製）,ばたーのそとばこ（かみせい）,資源物,（古紙・布類）の【古紙（雑がみ）】http://www.city.chiba.jp/kankyo/junkan/haikibutsu/haisyokuyu.html／http://www.city.chiba.jp/kankyo/junkan/haikibutsu/haisyokuyu.html,,1,0,0,0
ハタキ,はたき,可燃ごみ,,,0,0,0,0
パチンコ台,ぱちんこだい,粗大ごみ,,,0,0,0,0
発煙筒,はつえんとう,排出禁止物等,,,1,0,0,0
バッグ,ばっぐ,可燃ごみ,,,0,0,0,0
バッテリー（自動車・バイク用）・発電機,ばってりー（じどうしゃ・ばいくよう）・はつでんき,排出禁止物等,バッテリーは購入店、自動車販売店、ガソリンスタンド、カーショップなどに相談,,1,0,0,0
バット（野球用）,ばっと（やきゅうよう）,粗大ごみ,,,0,0,0,0
バット（料理用）,ばっと（りょうりよう）,不燃ごみ,,,0,0,0,0
発泡スチロール（緩衝材など）,はっぽうすちろーる（かんしょうざいなど）,可燃ごみ,,,0,0,0,0
発泡スチロール製容器,はっぽうすちろーるせいようき,可燃ごみ,,,0,0,0,0
発泡トレイ（生鮮食品用）,はっぽうとれい（せいせんしょくひんよう）,スーパー等の店頭回収へ,店頭回収実施店舗が近くにない場合「可燃ごみ」へ,,1,0,0,0
バドミントンシャトル,ばどみんとんしゃとる,可燃ごみ,,,0,0,0,0
バトミントンラケット（木製）,ばとみんとんらけっと（もくせい）,可燃ごみ,,,0,0,0,0
バトミントンラケット（木製以外）,ばとみんとんらけっと（もくせいいがい）,不燃ごみまたは粗大ごみ,,,0,0,0,0
花,はな,資源物,（木の枝・刈り草・葉）・可燃・不燃ごみ旧指定袋を含む、透明・半透明袋で排出できます。何袋でも排出可。（ごみステーションからあふれる場合など多量になるときは、分けて排出してください。）・1回につき3袋程度までであれば、可燃ごみでも排出可,,0,0,0,0
花,はな,可燃ごみ,・可燃・不燃ごみ旧指定袋を含む、透明・半透明袋で排出できます。何袋でも排出可。（ごみステーションからあふれる場合など多量になるときは、分けて排出してください。）・1回につき3袋程度までであれば、可燃ごみでも排出可,,0,0,0,0
花がら（草）,はながら（くさ）,資源物,（木の枝・刈り草・葉）・可燃・不燃ごみ旧指定袋を含む、透明・半透明袋で排出できます。何袋でも排出可。（ごみステーションからあふれる場合など多量になるときは、分けて排出してください。）・1回につき3袋程度までであれば、可燃ごみでも排出可,,0,0,0,0
花がら（草）,はながら（くさ）,可燃ごみ,・可燃・不燃ごみ旧指定袋を含む、透明・半透明袋で排出できます。何袋でも排出可。（ごみステーションからあふれる場合など多量になるときは、分けて排出してください。）・1回につき3袋程度までであれば、可燃ごみでも排出可,,0,0,0,0
花台,はなだい,粗大ごみ,,,0,0,0,0
花の包装フィルム（プラスチック製）,はなのほうそうふぃるむ（ぷらすちっくせい）,可燃ごみ,,,0,0,0,0
花火,はなび,排出禁止物等,,十分に水に浸せば、可燃ごみとして排出可,1,0,0,0
花火の外包装（プラスチック製）,はなびのそとほうそう（ぷらすちっくせい）,可燃ごみ,,,0,0,0,0
花火の中台紙,はなびのなかだいし,資源物,（古紙・布類）の【古紙（雑がみ）】,,0,0,0,0
パネルヒーター,ぱねるひーたー,不燃ごみまたは粗大ごみ,,,0,0,0,0
パフ（化粧用）,ぱふ（けしょうよう）,可燃ごみ,,,0,0,0,0
歯ブラシ,はぶらし,不燃ごみ,,,0,0,0,0
ハブラシ（電動）,はぶらし（でんどう）,小型家電または不燃ごみ,各区役所などの使用済小型家電回収ボックスへ外した乾電池は有害ごみとして排出／外した充電式電池は、市の回収拠点または回収協力店へ,,1,0,0,1
ハブラシの包装パック,はぶらしのほうそうぱっく,可燃ごみ,,,0,0,0,0
歯磨き粉のチューブ容器,はみがきこのちゅーぶようき,可燃ごみ,http://www.city.chiba.jp/kankyo/junkan/shushugyomu/syusyushinai.html／http://www.city.chiba.jp/kankyo/junkan/shushugyomu/syusyushinai.html,,1,0,0,0
刃物類,はものるい,不燃ごみ,紙で包み｢危険｣と書いて不燃ごみ指定袋へ（指定袋に入る場合）,,0,0,0,0
パラソル（ガーデンパラソル・ビーチパラソル）,ぱらそる（がーでんぱらそる・びーちぱらそる）,粗大ごみ,,,0,0,0,0
パラボラアンテナ,ぱらぼらあんてな,不燃ごみまたは粗大ごみ,,,0,0,0,0
バラン（寿司・弁当などの中仕切り）,ばらん（すし・べんとうなどのなかしきり）,可燃ごみ,,,0,0,0,0
針（裁縫用など）,はり（さいほうようなど）,不燃ごみ,紙で包み｢危険｣と書くか、専用のケースに入れて不燃ごみ指定袋へ,,0,0,0,0
針金,はりがね,不燃ごみ,,,0,0,0,0
針金ハンガー（１着用）,はりがねはんがー（１ちゃくよう）,不燃ごみ,,,0,0,0,0
バリカン,ばりかん,不燃ごみ,,,0,0,0,0
バリケード,ばりけーど,粗大ごみ,,,0,0,0,0
バレーボール,ばれーぼーる,可燃ごみ,なるべく空気を抜いてから「可燃ごみ」へ,,0,0,0,0
ハロゲンヒーター,はろげんひーたー,粗大ごみ,,,0,0,0,0
ハンガー（１着用）（木製以外）,はんがー（１ちゃくよう）（もくせいいがい）,不燃ごみ,,,0,0,0,0
ハンガー（１着用）（木製）,はんがー（１ちゃくよう）（きせい）,可燃ごみ,,,0,0,0,0
ハンガーの外袋,はんがーのそとぶくろ,可燃ごみ,,,0,0,0,0
ハンガーラック,はんがーらっく,粗大ごみ,,,0,0,0,0
ハンカチ,はんかち,可燃ごみ,,,0,0,0,0
飯ごう,はんごう,不燃ごみ,,,0,0,0,0
半紙,はんし,可燃ごみ,,,0,0,0,0
はんだ・はんだごて,はんだ・はんだごて,不燃ごみ,,,0,0,0,0
パンチ（穴あけ）,ぱんち（あなあけ）,不燃ごみ,,,0,0,0,0
ハンディミシン,はんでぃみしん,不燃ごみ,,,0,0,0,0
はんてん,はんてん,可燃ごみ,,,0,0,0,0
ハンドドライヤー,はんどどらいやー,不燃ごみ,,,0,0,0,0
ハンドバッグ,はんどばっぐ,可燃ごみ,,,0,0,0,0
ハンドミキサー,はんどみきさー,不燃ごみ,,,0,0,0,0
ハンドル（自動車部品）,はんどる（じどうしゃぶひん）,不燃ごみまたは粗大ごみ,,,0,0,0,0
バンパー（自動車部品）,ばんぱー（じどうしゃぶひん）,排出禁止物等,,,1,0,0,0
パンフレット,ぱんふれっと,資源物,（古紙・布類）の【古紙（雑がみ）】,,0,0,0,0
ハンマー（木製）,はんまー（きせい）,可燃ごみ,,,0,0,0,0
ハンマー（金属製）,はんまー（きんぞくせい）,不燃ごみ,,,0,0,0,0
パン焼き機,ぱんやきき,不燃ごみまたは粗大ごみ,,,0,0,0,0
BSチューナー,びーえすちゅーなー,不燃ごみまたは粗大ごみ,,,0,0,0,0
PHS,ぴーえいちえす,市の拠点回収または店舗回収協力店,モバイル・リサイクルネットワーク（回収協力店が検索できます）／市役所・区役所・環境事業所・新浜リサイクルセンターなどの携帯電話・スマートフォン専用回収ボックスへ（電池は外す）／https://www.city.chiba.jp/kankyo/junkan/shushugyomu/hinmoku-kakudai.html,,1,0,1,0
ピアニカ,ぴあにか,不燃ごみ,,,0,0,0,0
ピアノ,ぴあの,排出禁止物等,購入店、メーカーなどに相談(又は千葉市が許可した下記処理業者),,1,0,0,0
ヒーター（セラミック）,ひーたー（せらみっく）,不燃ごみまたは粗大ごみ,,小型のもので不燃ごみの指定袋に入れば不燃ごみ,0,0,0,0
ビーチサンダル,びーちさんだる,可燃ごみ,,,0,0,0,0
ビーチパラソル,びーちぱらそる,粗大ごみ,,,0,0,0,0
ピーラー（皮むき器）,ぴーらー（かわむきうつわ）,不燃ごみ,,,0,0,0,0
ビールびん,びーるびん,資源物,購入店へ返却または（びん・缶・ﾍﾟｯﾄﾎﾞﾄﾙ）の【びん】,水ですすぐ,1,0,0,0
ビールびんのフタ,びーるびんのふた,資源物,（びん・缶・ﾍﾟｯﾄﾎﾞﾄﾙ）の【缶】,,0,0,0,0
ビール缶,びーるかん,資源物,（びん・缶・ﾍﾟｯﾄﾎﾞﾄﾙ）の【缶】,水ですすぐ,0,0,0,0
引戸,ひきど,粗大ごみ,,,0,0,0,0
ピクニックシート（レジャーシート）,ぴくにっくしーと（れじゃーしーと）,可燃ごみ,,,0,0,0,0
ひげそり（刃を含む）,ひげそり（はをふくむ）,不燃ごみ,,,0,0,0,0
ピザの箱,ぴざのはこ,可燃ごみ,,,0,0,0,0
ビックス（VICS）ユニット,びっくす（ぶいあいしーえす）ゆにっと,小型家電または不燃ごみ,各区役所などの使用済小型家電回収ボックスへ,,1,0,0,1
引っ越しごみ（一時多量のごみ）,ひっこしごみ（いちじたりょうのごみ）,市で収集しないもの,,一時多量ごみの処理について,1,0,0,0
ビデオカメラ,びでおかめら,小型家電または不燃ごみ,各区役所などの使用済小型家電回収ボックスへ（電池は外す）,,1,0,0,1
ビデオテープ,びでおてーぷ,可燃ごみ,,,0,0,0,0
ビデオテープのケース,びでおてーぷのけーす,可燃ごみ,,,0,0,0,0
ビデオデッキ（ビデオテープレコーダー）,びでおでっき（びでおてーぷれこーだー）,小型家電、不燃ごみまたは粗大ごみ,各区役所などの使用済小型家電回収ボックスへ。小型のもので不燃ごみの指定袋に入れば不燃ごみ,,1,0,0,1
ひな段・五月人形の段,ひなだん・ごがつにんぎょうのだん,粗大ごみ,,,0,0,0,0
ひな人形・ひな人形の小道具,ひなにんぎょう・ひなにんぎょうのこどうぐ,可燃ごみ,,,0,0,0,0
ビニールクロス,びにーるくろす,可燃ごみ,,,0,0,0,0
ビニールシート,びにーるしーと,可燃ごみ,,,0,0,0,0
ビニールテープ,びにーるてーぷ,可燃ごみ,,,0,0,0,0
ビニールひも,びにーるひも,可燃ごみ,,,0,0,0,0
ビニールプール,びにーるぷーる,可燃ごみ,,,0,0,0,0
ビニールホース,びにーるほーす,可燃ごみ,,,0,0,0,0
ビニール手袋,びにーるてぶくろ,可燃ごみ,,,0,0,0,0
ビニール袋,びにーるふくろ,可燃ごみ,,,0,0,0,0
火バサミ,ひばさみ,不燃ごみ,,,0,0,0,0
火鉢,ひばち,粗大ごみ,,,0,0,0,0
百科事典,ひゃっかじてん,資源物,（古紙・布類）の【古紙（雑誌）】,布張りやビニールコーティングされた表紙は取り外せれば取り外す。,0,0,0,0
百科事典の紙箱（ケース）,ひゃっかじてんのかみはこ（けーす）,資源物,（古紙・布類）の【古紙（雑がみ）】事典とは別にし、たたんでひもで十文字にしばる。,,0,0,0,0
肥料袋,ひりょうぶくろ,可燃ごみ,,,0,0,0,0
びん（飲食用）（ガラス製）,びん（いんしょくよう）（がらすせい）,資源物,（びん・缶・ﾍﾟｯﾄﾎﾞﾄﾙ）の【びん】,水ですすぐ,0,0,0,0
びん（ガラス製以外）,びん（がらすせいいがい）,不燃ごみ,https://www.tca.or.jp/mobile-recycle/／https://www.tca.or.jp/mobile-recycle/,,1,0,0,0
びん（飲食用）のフタ（金属製）,びん（いんしょくよう）のふた（きんぞくせい）,資源物,（びん・缶・ﾍﾟｯﾄﾎﾞﾄﾙ）の【缶】,,0,0,0,0
びんのフタ（プラスチック製）,びんのふた（ぷらすちっくせい）,可燃ごみ,,,0,0,0,0
ピンポン（卓球）ラケット,ぴんぽん（たっきゅう）らけっと,可燃ごみ,,,0,0,0,0
ピンポン（卓球）玉,ぴんぽん（たっきゅう）たま,可燃ごみ,,,0,0,0,0
ファイル（プラスチック製）,ふぁいる（ぷらすちっくせい）,可燃ごみ,,,0,0,0,0
ファイル（紙製）（コーティングのないもの）,ふぁいる（かみせい）（こーてぃんぐのないもの）,資源物,（古紙・布類）の【古紙（雑がみ）】,端をちぎった時にフィルム状のものが見えたら、コーティングがあるものです。コーティングのあるものは「可燃ごみ」へ。,0,0,0,0
ファクシミリ（電話機一体型含む）,ふぁくしみり（でんわきいったいがたふくむ）,小型家電または不燃ごみ,各区役所などの使用済小型家電回収ボックスへ（電池は外す）,,1,0,0,1
ファクシミリ受信紙（感熱紙）,ふぁくしみりじゅしんかみ（かんねつし）,可燃ごみ,,コインや爪などで強くこすると色が浮き出るものは感熱紙です。,0,0,0,0
ファクシミリ受信紙（感熱紙以外の普通紙・OA紙・コピー用紙）,ふぁくしみりじゅしんかみかみ（かんねつしいがいのふつうし・おーえーかみ・こぴーようし）,資源物,（古紙・布類）の【古紙（雑がみ）】,,0,0,0,0
ファンヒーター,ふぁんひーたー,粗大ごみ,,,0,0,0,0
フィルム（写真用）,ふぃるむ（しゃしんよう）,可燃ごみ,,,0,0,0,0
フィルムケース,ふぃるむけーす,可燃ごみ,,,0,0,0,0
ブースターケーブル（自動車用品）,ぶーすたーけーぶる（じどうしゃようひん）,不燃ごみ,,,0,0,0,0
風船,ふうせん,可燃ごみ,,,0,0,0,0
封筒,ふうとう,資源物,（古紙・布類）の【古紙（雑がみ）】http://www.city.chiba.jp/kankyo/junkan/shushugyomu/syusyushinai.html／http://www.city.chiba.jp/kankyo/junkan/shushugyomu/syusyushinai.html,,1,0,0,0
フードプロセッサー,ふーどぷろせっさー,不燃ごみ,,,0,0,0,0
プール（家庭用）,ぷーる（かていよう）,可燃ごみまたは粗大ごみ,,,0,0,0,0
笛（プラ製）,ふえ（ぷらせい）,不燃ごみ,,,0,0,0,0
フェンス,ふぇんす,粗大ごみ,,,0,0,0,0
フォーク,ふぉーく,不燃ごみ,,,0,0,0,0
ふきん,ふきん,可燃ごみ,,,0,0,0,0
袋（紙袋）,ふくろ（かみぶくろ）,資源物,（古紙・布類）の【古紙（雑がみ）】,持ち手部分が紙以外の素材は取り除く。端をちぎった時にフィルム状のものが見えたら、コーティングがあるものです。コーティングのあるものは「可燃ごみ」へ。,0,0,0,0
袋（レジ袋）,ふくろ（れじふくろ）,可燃ごみ,,,0,0,0,0
ふすま,ふすま,粗大ごみ,,,0,0,0,0
付箋・ふせん（粘着メモ）,ふせん・ふせん（ねんちゃくめも）,可燃ごみ,,粘着部分をちぎるなど取り除けば「古紙（雑がみ）」として出せます。,0,0,0,0
フタ（飲食用）（金属製）,ふた（いんしょくよう）（きんぞくせい）,資源物,（びん・缶・ﾍﾟｯﾄﾎﾞﾄﾙ）の【缶】,,0,0,0,0
フタ（飲食用以外）（金属製）,ふた（いんしょくよういがい）（きんぞくせい）,不燃ごみ,,,0,0,0,0
フタ（飲食用以外）（金属製以外）,ふた（いんしょくよういがい）（きんぞくせいいがい）,可燃ごみ,,,0,0,0,0
フタ（飲料用ペットボトルのフタ）,ふた（いんりょうようぺっとぼとるのふた）,区役所等の回収拠点へご協力ください。,回収拠点への持ち込みが難しい場合は「可燃ごみ」へ,,1,0,0,0
仏具（金属製）,ぶつぐ（きんぞくせい）,不燃ごみ,,,0,0,0,0
仏具（木製）,ぶつぐ（もくせい）,可燃ごみ,,,0,0,0,0
ブックエンド（書籍スタンド）（プラスチック製・金属製）,ぶっくえんど（しょせきすたんど）（ぷらすちっくせい・きんぞくせい）,市の拠点回収または不燃ごみ,ポリプロピレン製、ポリエチレン製、ポリスチレン製のものは、各区役所等に設置の回収ボックスへ,,1,0,0,0
ブックエンド（書籍スタンド）（木製）,ぶっくえんど（しょせきすたんど）（もくせい）,可燃ごみ,,,0,0,0,0
ブックカバー（コーティングのある紙製、革製などその他）,ぶっくかばー（こーてぃんぐのあるかみせい、かわせいなどそのた）,可燃ごみ,,,0,0,0,0
ブックカバー（コーティングのない紙製）,ぶっくかばー（こーてぃんぐのないかみせい）,資源物,（古紙・布類）の【古紙（雑がみ）】,端をちぎった時にフィルム状のものが見えたら、コーティングがあるものです。コーティングのあるものは「可燃ごみ」へ。,0,0,0,0
仏壇,ぶつだん,粗大ごみ,,,0,0,0,0
筆（柄の部分が木製）,ふで（えのぶぶんがもくせい）,可燃ごみ,,,0,0,0,0
筆（柄の部分が木製以外）,ふで（えのぶぶんがもくせいいがい）,不燃ごみ,,,0,0,0,0
筆箱（金属製・硬いプラスチック製）,ふでばこ（きんぞくせい・かたいぷらすちっくせい）,不燃ごみ,,,0,0,0,0
筆箱（布製・革製・柔らかいプラスチック製）,ふでばこ（ぬのせい・かわせい・やわらかいぷらすちっくせい）,可燃ごみ,,,0,0,0,0
布団,ふとん,可燃ごみまたは粗大ごみ,,,0,0,0,0
布団カバー・布団パッド,ふとんかばー・ふとんぱっど,可燃ごみ,,,0,0,0,0
布団乾燥機,ふとんかんそうき,不燃ごみまたは粗大ごみ,,,0,0,0,0
布団たたき（木製）,ふとんたたき（もくせい）,可燃ごみ,,,0,0,0,0
布団たたき（木製以外）,ふとんたたき（もくせいいがい）,不燃ごみ,,,0,0,0,0
布団干し,ふとんほし,粗大ごみ,,,0,0,0,0
踏み台（木製）,ふみだい（もくせい）,可燃ごみまたは粗大ごみ,,,0,0,0,0
踏み台（木製以外）,ふみだい（もくせいいがい）,不燃ごみまたは粗大ごみ,,,0,0,0,0
フライパン,ふらいぱん,不燃ごみまたは粗大ごみ,,,0,0,0,0
ブラインド,ぶらいんど,粗大ごみ,,,0,0,0,0
フライ返し,ふらいかえし,不燃ごみ,,,0,0,0,0
ブラウン管式のテレビ,ぶらうんかんしきのてれび,家電リサイクル対象,,,1,0,0,0
プラグ,ぷらぐ,不燃ごみ,,,0,0,0,0
プラスチック製の包装・フィルム,ぷらすちっくせいのほうそう・ふぃるむ,可燃ごみ,,,0,0,0,0
プラスチック製気泡緩衝材,ぷらすちっくせいきほうかんしょうざい,可燃ごみ,,,0,0,0,0
プラスチック製収納箱,ぷらすちっくせいしゅうのうはこ,不燃ごみまたは粗大ごみ,,,0,0,0,0
プラスチック製密閉容器・フタ（硬いプラスチック製）,ぷらすちっくせいみっぺいようき・ふた（かたいぷらすちっくせい）,不燃ごみ,,,0,0,0,0
プラスチック製密閉容器・フタ（柔らかいプラスチック製）,ぷらすちっくせいみっぺいようき・ふた（やわらかいぷらすちっくせい）,可燃ごみ,,,0,0,0,0
プラズマテレビ,ぷらずまてれび,家電リサイクル対象,,,1,0,0,0
フラットファイル（プラスチック製）,ふらっとふぁいる（ぷらすちっくせい）,可燃ごみ,,,0,0,0,0
フラットファイル（紙製）,ふらっとふぁいる（かみせい）,資源物,（古紙・布類）の【古紙（雑がみ）】金属部分は取り外して不燃ごみへ,,0,0,0,0
フラフープ,ふらふーぷ,粗大ごみ,,,0,0,0,0
プラモデル,ぷらもでる,不燃ごみ,,,0,0,0,0
プラモデルの外箱（紙製）,ぷらもでるのそとばこ（かみせい）,資源物,（古紙・布類）の【古紙（雑がみ）】,,0,0,0,0
プラモデルの箱の中仕切り（プラスチック製）,ぷらもでるのはこのなかしきり（ぷらすちっくせい）,可燃ごみ,,,0,0,0,0
プラモデル部品の型枠,ぷらもでるぶひんのかたわく,不燃ごみ,,,0,0,0,0
フラワースタンド・プランタースタンド（木製）,ふらわーすたんど・ぷらんたーすたんど（もくせい）,可燃ごみまたは粗大ごみ,,,0,0,0,0
フラワースタンド・プランタースタンド（金属製、プラスチック製）,ふらわーすたんど・ぷらんたーすたんどぷらんたーすたんど（きんぞくせい、ぷらすちっくせい）,不燃ごみまたは粗大ごみ,,,0,0,0,0
ブランコ（家庭用）,ぶらんこ（かていよう）,粗大ごみ,,,0,0,0,0
プランター,ぷらんたー,不燃ごみまたは粗大ごみ,,,0,0,0,0
プランターの土,ぷらんたーのつち,排出禁止物等,,,1,0,0,0
ぶら下がり健康器,ぶらさがりけんこううつわ,粗大ごみ,,,0,0,0,0
ブリキ製品,ぶりきせいひん,不燃ごみまたは粗大ごみ,,,0,0,0,0
プリンター,ぷりんたー,不燃ごみまたは粗大ごみ,,,0,0,0,0
プリンターのインクカートリッジ,ぷりんたーのいんくかーとりっじ,店頭回収協力店へ,電器店等の店頭回収にご協力ください。お近くに回収協力店がない場合は「不燃ごみ」へ,,1,0,0,0
ブルーシート,ぶるーしーと,可燃ごみ,,,0,0,0,0
BD（ブルーレイ）レコーダー、BDプレイヤー,びーでぃー（ぶるーれい）れこーだー、びーでぃーぷれいやー,小型家電、不燃ごみまたは粗大ごみ,各区役所などの使用済小型家電回収ボックスへ。回収ボックス・不燃ごみ袋に入らないものは粗大ごみ,,1,0,0,1
古着,ふるぎ,資源物,（古紙・布類）の【布類】,,0,0,0,0
古本（日焼けにより変色したもの）,ふるほん（ひやけによりへんしょくしたもの）,可燃ごみ,,,0,0,0,0
古本（日焼けにより変色したものを除く）,ふるほん（ひやけによりへんしょくしたものをのぞく）,資源物,（古紙・布類）の【古紙（雑誌）】,,0,0,0,0
風呂いす・おけ（洗面器）（プラスチック製）,ふろいす・おけ（せんめんき）（ぷらすちっくせい）,市の拠点回収または不燃ごみ,ポリプロピレン製、ポリエチレン製、ポリスチレン製のものは、各区役所等に設置の回収ボックスへ。不燃ごみ指定袋（20ℓまたは10ℓ2枚）をそれぞれひとつの品目に対して1枚ずつ縛りつけるか、テープなどで貼りつけて排出してください。,,1,0,0,0
風呂いす・おけ（木製）,ふろいす・おけ（もくせい）,可燃ごみ,,,0,0,0,0
風呂窯,ふろがま,粗大ごみ,,,0,0,0,0
プロジェクションテレビ,ぷろじぇくしょんてれび,不燃ごみまたは粗大ごみ,,小型のもので不燃ごみ袋に入れば不燃ごみ,0,0,0,0
プロジェクタ,ぷろじぇくた,不燃ごみまたは粗大ごみ,,,0,0,0,0
風呂敷（布製）,ふろしき（ぬのせい）,可燃ごみ,,,0,0,0,0
風呂敷（ビニール製）,ふろしき（びにーるせい）,可燃ごみ,,,0,0,0,0
ブロック（コンクリート製）,ぶろっく（こんくりーとせい）,排出禁止物等,千葉市廃棄物リサイクル事業協同組合に相談電話：043-204-5805,,1,0,0,0
ブロック（レンガなど）,ぶろっく（れんがなど）,排出禁止物等,,,1,0,0,0
フロッピーディスク（プラスチック製ケース含む）,ふろっぴーでぃすく（ぷらすちっくせいけーすふくむ）,不燃ごみ,,,0,0,0,0
フロッピーディスクの紙製ケース,ふろっぴーでぃすくのかみせいけーす,資源物,（古紙・布類）の【古紙（雑がみ）】,,0,0,0,0
風呂のフタ,ふろのふた,粗大ごみ,,,0,0,0,0
風呂のマット,ふろのまっと,可燃ごみ,,,0,0,0,0
プロパンガスボンベ,ぷろぱんがすぼんべ,排出禁止物等,購入店または（一社）千葉県LPガス協会,,1,0,0,0
ふん（ペットのふん）,ふん（ぺっとのふん）,可燃ごみ,,,0,0,0,0
文庫本,ぶんこぼん,資源物,（古紙・布類）の【古紙（雑誌）】,,0,0,0,0
文鎮（ぶんちん）,ぶんちん（ぶんちん）,不燃ごみ,,,0,0,0,0
文房具（金属製・硬いプラスチック製）,ぶんぼうぐ（きんぞくせい・かたいぷらすちっくせい）,不燃ごみ,,,0,0,0,0
文房具（金属製・硬いプラスチック製以外）,ぶんぼうぐ（きんぞくせい・かたいぷらすちっくせいいがい）,可燃ごみ,,,0,0,0,0
ヘアアイロン（コテ）,へああいろん（こて）,小型家電または不燃ごみ,各区役所などの使用済小型家電回収ボックスへ,,1,0,0,1
ヘアースプレー(スプレー缶),へあーすぷれー(すぷれーかん),有害ごみ,,中身は使い切ってください。,0,0,0,0
ヘアースプレーのフタ,へあーすぷれーのふた,可燃ごみ,,,0,0,0,0
ヘアースプレーの包装フィルム,へあーすぷれーのほうそうふぃるむ,可燃ごみ,,,0,0,0,0
ヘアドライヤー,へあどらいやー,小型家電または不燃ごみ,各区役所などの使用済小型家電回収ボックスへ,,1,0,0,1
ヘアーブラシ,へあーぶらし,不燃ごみ,,,0,0,0,0
ヘアバンド（プラスチック製など硬いもの）,へあばんど（ぷらすちっくせいなどかたいもの）,不燃ごみ,,,0,0,0,0
ヘアバンド（布製など柔らかいもの）,へあばんど（ぬのせいなどやわらかいもの）,可燃ごみ,,,0,0,0,0
ヘアピン,へあぴん,不燃ごみ,,,0,0,0,0
ベッド（本体）,べっど（ほんたい）,粗大ごみ,,,0,0,0,0
ペットシート,ぺっとしーと,可燃ごみ,,,0,0,0,0
ペットのトイレ用シート・砂,ぺっとのといれようしーと・すな,可燃ごみ,,,0,0,0,0
ベッドのマットレス（コイルスプリング又はポケットコイルあり）,べっどのまっとれす（こいるすぷりんぐまたはぽけっとこいるあり）,排出禁止物等,購入店、メーカーなどに相談（又は、市が許可を出している下記処理業者),,1,0,0,0
ベッドのマットレス（コイルスプリング又はポケットコイルなし）,べっどのまっとれす（こいるすぷりんぐまたはぽけっとこいるなし）,粗大ごみ,,コイルスプリング又はポケットコイルの有無は製造メーカーにお問い合わせいただくか、カッターなどで切り開いて確認してください。,0,0,0,0
ペットの運搬ケース（ケージ）,ぺっとのうんぱんけーす（けーじ）,粗大ごみ,,,0,0,0,0
ペットの死体,ぺっとのしたい,環境事業所へ申込,,,0,0,0,0
ペットの小屋・かご・柵,ぺっとのこや・かご・さく,粗大ごみ,,,0,0,0,0
ペットの糞,ぺっとのふん,可燃ごみ,,,0,0,0,0
ベッドの枠,べっどのわく,粗大ごみ,,,0,0,0,0
ベッドパッド・布団パッド,べっどぱっど・ふとんぱっど,可燃ごみ,,,0,0,0,0
ペットフードの缶,ぺっとふーどのかん,資源物,（びん・缶・ﾍﾟｯﾄﾎﾞﾄﾙ）の【缶】,水ですすぐ,0,0,0,0
ペットボトル（清涼飲料・乳飲料・酒類・しょうゆ類・めんつゆ・ノンオイルドレッシングなど油分が付着していないボトル）,ぺっとぼとる（せいりょういんりょう・ちちいんりょう・さけるい・しょうゆるい・めんつゆ・のんおいるどれっしんぐなどあぶらぶんがふちゃくしていないぼとる）,資源物,（びん・缶・ﾍﾟｯﾄﾎﾞﾄﾙ）の【ﾍﾟｯﾄﾎﾞﾄﾙ】,,0,0,0,0
ペットボトルのフタ,ぺっとぼとるのふた,区役所等の回収拠点へご協力ください。,回収拠点への持ち込みが難しい場合は「可燃ごみ」へ,,1,0,0,0
ペットボトルのラベル,ぺっとぼとるのらべる,可燃ごみ,,,0,0,0,0
ヘッドホン・イヤホン,へっどほん・いやほん,小型家電または不燃ごみ,各区役所などの使用済小型家電回収ボックスへ（電池は外す）,,1,0,0,1
ヘッドホンステレオ,へっどほんすてれお,不燃ごみまたは粗大ごみ,,,0,0,0,0
ペット用トイレ,ぺっとようといれ,粗大ごみ,,,0,0,0,0
ベニヤ板,べにやいた,可燃ごみまたは粗大ごみ,,,0,0,0,0
ベビーカー,べびーかー,粗大ごみ,,,0,0,0,0
ベビーガード・ベビーゲート,べびーがーど・べびーげーと,粗大ごみ,,,0,0,0,0
ベビースィングラック,べびーすぃんぐらっく,粗大ごみ,,,0,0,0,0
ベビーチェアー,べびーちぇあー,粗大ごみ,,,0,0,0,0
ベビーバス,べびーばす,粗大ごみ,,,0,0,0,0
ベビーベッド,べびーべっど,粗大ごみ,,,0,0,0,0
ベビーラック,べびーらっく,粗大ごみ,,,0,0,0,0
ベビー布団,べびーふとん,可燃ごみ,,,0,0,0,0
ベビー服,べびーふく,資源物,（古紙・布類）の【布類】,,0,0,0,0
へら（金属製・硬いプラスチック製）,へら（きんぞくせい・かたいぷらすちっくせい）,不燃ごみ,,,0,0,0,0
へら（木製）,へら（もくせい）,可燃ごみ,,,0,0,0,0
ヘルスメーター（体重計）,へるすめーたー（たいじゅうけい）,不燃ごみまたは粗大ごみ,,,0,0,0,0
ベルト,べると,可燃ごみ,,,0,0,0,0
ヘルメット,へるめっと,不燃ごみまたは粗大ごみ,,,0,0,0,0
便器,べんき,粗大ごみ,,,0,0,0,0
ペンキ（中身）,ぺんき（なかみ）,排出禁止物等,,,1,0,0,0
ペンキのスプレー缶,ぺんきのすぷれーかん,有害ごみ,,中身は使い切ってください。,0,0,0,0
ペンキの容器（金属製・プラスチック製・ガラス製）,ぺんきのようき（きんぞくせい・ぷらすちっくせい・がらすせい）,不燃ごみ,,,0,0,0,0
便座,べんざ,粗大ごみ,,,0,0,0,0
便座カバー,べんざかばー,可燃ごみ,,,0,0,0,0
ベンジン,べんじん,排出禁止物等,,,1,0,0,0
ベンチ,べんち,粗大ごみ,,,0,0,0,0
弁当（持ち帰り用など）のスプーン・フォーク（プラスチック製）,べんとう（もちかえりようなど）のすぷーん・ふぉーく（ぷらすちっくせい）,不燃ごみ,,,0,0,0,0
弁当（持ち帰り用など）のスプーン・フォーク・はし・爪楊枝の袋（プラスチック製）,べんとう（もちかえりようなど）のすぷーん・ふぉーく・はし・つめようじのふくろ（ぷらすちっくせい）,可燃ごみ,,,0,0,0,0
弁当の中仕切,べんとうのなかしきり,可燃ごみ,,,0,0,0,0
弁当箱（金属製・硬いプラスチック製）,べんとうばこ（きんぞくせい・かたいぷらすちっくせい）,不燃ごみ,,,0,0,0,0
弁当箱（竹製などの燃えるもの）,べんとうばこ（たけせいなどのもえるもの）,可燃ごみ,,,0,0,0,0
弁当容器（コンビニ等）の外包装フィルム,べんとうようき（こんびになど）のがいほうよそふぃるむ,可燃ごみ,,,0,0,0,0
弁当容器（コンビニ等の弁当容器）,べんとうようき（こんびになどのべんとうようき）,可燃ごみ,,,0,0,0,0
ボアシーツ,ぼあしーつ,可燃ごみ,,,0,0,0,0
ホイール（自動車部品）,ほいーる（じどうしゃぶひん）,排出禁止物等,,,1,0,0,0
ホイールキャップ（自動車部品）,ほいーるきゃっぷ（じどうしゃぶひん）,不燃ごみまたは粗大ごみ,,,0,0,0,0
ボイスレコーダー,ぼいすれこーだー,小型家電または不燃ごみ,各区役所などの使用済小型家電回収ボックスへ（電池は外す）,,1,0,0,1
望遠鏡,ぼうえんきょう,不燃ごみまたは粗大ごみ,,,0,0,0,0
ほうき（柄がプラスチック製）,ほうき（えがぷらすちっくせい）,不燃ごみまたは粗大ごみ,不燃ごみの指定袋からはみ出さなければ「不燃ごみ」,,0,0,0,0
ほうき（柄が木製）,ほうき（えがもくせい）,可燃ごみまたは粗大ごみ,可燃ごみの指定袋からはみ出さなければ「可燃ごみ」,,0,0,0,0
芳香剤,ほうこうざい,可燃ごみ,,,0,0,0,0
芳香剤容器（プラスチック製）,ほうこうざいようき（ぷらすちっくせい）,不燃ごみ,,,0,0,0,0
帽子,ぼうし,可燃ごみ,,,0,0,0,0
帽子掛け（スタンド型）,ぼうしかけ（すたんどがた）,粗大ごみ,,,0,0,0,0
包装紙（紙製）,ほうそうし（かみせい）,資源物,（古紙・布類）の【古紙（雑がみ）】,,0,0,0,0
包装紙（プラスチック製）,ほうそうし（ぷらすちっくせい）,可燃ごみ,,,0,0,0,0
包装フィルム,ほうそうふぃるむ,可燃ごみ,,,0,0,0,0
防虫剤,ぼうちゅうざい,可燃ごみ,,,0,0,0,0
防虫剤のケース,ぼうちゅうざいのけーす,不燃ごみ,,,0,0,0,0
包丁,ほうちょう,不燃ごみ,紙で包み｢危険｣と書いて不燃ごみ指定袋へ（指定袋に入る場合）,,0,0,0,0
防腐剤,ぼうふざい,可燃ごみ,,,0,0,0,0
ボウリングのピン,ぼうりんぐのぴん,不燃ごみ,,,0,0,0,0
ボウリングのボール,ぼうりんぐのぼーる,排出禁止物等,購入店、メーカーなどに相談（又は千葉市が許可した下記処理業者）,,1,0,0,0
ボウル（台所用品）,ぼうる（だいどころようひん）,市の拠点回収または不燃ごみ,ポリプロピレン製、ポリエチレン製、ポリスチレン製のものは、各区役所等に設置の回収ボックスへ,,1,0,0,0
ほうろう鍋,ほうろうなべ,不燃ごみ,,,0,0,0,0
ホース,ほーす,可燃ごみ,,,0,0,0,0
ホースリール台,ほーすりーるだい,不燃ごみまたは粗大ごみ,,,0,0,0,0
ポータブルトイレ,ぽーたぶるといれ,粗大ごみ,,,0,0,0,0
ポータブルプレイヤー（MD・CD・DVD・MP3など）（充電電池式）,ぽーたぶるぷれいやー（えむでぃー・しーでぃー・でぃーぶいでぃー・えむぴー3など）（じゅうでんでんちしき）,小型家電または不燃ごみ,各区役所などの使用済小型家電回収ボックスへ／外した充電式電池は、市の回収拠点または回収協力店へ,,1,0,0,1
ポータブルプレイヤー（MD・CD・DVD・MP3など）（乾電池式）,ぽーたぶるぷれいやー（えむでぃー・しーでぃー・でぃーぶいでぃー・えむぴー3など）（かんでんちしき）,小型家電または不燃ごみ,各区役所などの使用済小型家電回収ボックスへ（電池は外す）,,1,0,0,1
ボート（ゴムボート）,ぼーと（ごむぼーと）,可燃ごみまたは粗大ごみ,,,0,0,0,0
ホームベーカリー,ほーむべーかりー,粗大ごみ,,,0,0,0,0
ボール（球技用）,ぼーる（たまわざよう）,可燃ごみ,,空気を抜けるものはできるだけ抜いてから「可燃ごみ」へ,0,0,0,0
ボールペン,ぼーるぺん,不燃ごみ,,,0,0,0,0
ボールペンの芯,ぼーるぺんのしん,可燃ごみ,,,0,0,0,0
ボール紙,ぼーるかみ,資源物,（古紙・布類）の【古紙（雑がみ）】,,0,0,0,0
ホーロー製品,ほーろーせいひん,不燃ごみ,,,0,0,0,0
保温材・保冷剤,ほおんざい・ほれいざい,可燃ごみ,,,0,0,0,0
墨汁容器,ぼくじゅうようき,可燃ごみ,,,0,0,0,0
木刀,ぼくとう,可燃ごみまたは粗大ごみ,,,0,0,0,0
ポケットティッシュ,ぽけっとてぃっしゅ,可燃ごみ,,,0,0,0,0
ポケットティッシュの台紙,ぽけっとてぃっしゅのだいし,資源物,（古紙・布類）の【古紙（雑がみ）】,,0,0,0,0
ポケットティッシュの外袋フィルム,ぽけっとてぃっしゅのそとぶくろふぃるむ,可燃ごみ,,,0,0,0,0
歩行器,ほこうき,粗大ごみ,,,0,0,0,0
ポスター,ぽすたー,資源物,（古紙・布類）の【古紙（雑がみ）】,,0,0,0,0
ポスター（屋外用など防水加工されているもの）,ぽすたー（おくがいようなどぼうすいかこうされているもの）,可燃ごみ,,,0,0,0,0
ポスト,ぽすと,不燃ごみ,,,0,0,0,0
ボストンバッグ,ぼすとんばっぐ,可燃ごみ,,,0,0,0,0
ボタン,ぼたん,不燃ごみ,,,0,0,0,0
ボタン型電池,ぼたんかたでんち,排出禁止物等,（社）電池工業会　ボタン電池回収推進センター（回収協力店が検索できます）,,1,0,0,0
ホチキス（ステープラー）,ほちきす（すてーぷらー）,不燃ごみ,,,0,0,0,0
ホチキス（ステープラー）の針,ほちきす（すてーぷらー）のはり,不燃ごみ,,,0,0,0,0
ホチキス（ステープラー）の針の空き箱,ほちきす（すてーぷらー）のはりのあきはこ,資源物,（古紙・布類）の【古紙（雑がみ）】,,0,0,0,0
補聴器,ほちょうき,小型家電または不燃ごみ,各区役所などの使用済小型家電回収ボックスへ（電池は外す）,,1,0,0,1
補聴器用電池（ボタン型）,ほちょうきようでんち（ぼたんがた）,店頭回収協力店へ,（社）電池工業会　ボタン電池回収推進センター（回収協力店が検索できます）,,1,1,0,0
ボックスシーツ・ベッドパッド,ぼっくすしーつ・べっどぱっど,可燃ごみ,,,0,0,0,0
ポット,ぽっと,不燃ごみ,,,0,0,0,0
ホットカーペット,ほっとかーぺっと,可燃ごみまたは粗大ごみ,電源プラグなど硬いプラスチック部分は取り外して不燃ごみへ。（取り外せなければそのまま「可燃ごみ」か「粗大ごみ」へ）,,0,0,0,0
ホットカーペット・ウッドカーペット,ほっとかーぺっと・うっどかーぺっと,可燃ごみまたは粗大ごみ,,,0,0,0,0
ホットカーラー,ほっとかーらー,不燃ごみ,,,0,0,0,0
ホットプレート,ほっとぷれーと,不燃ごみまたは粗大ごみ,,,0,0,0,0
ボディブラシ,ぼでぃぶらし,可燃ごみ,,,0,0,0,0
ポテトチップスの袋,ぽてとちっぷすのふくろ,可燃ごみ,,,0,0,0,0
ポテトチップス等の紙缶,ぽてとちっぷすなどのかみかん,可燃ごみ,,,0,0,0,0
ポラロイドカメラ,ぽらろいどかめら,不燃ごみ,https://www.city.chiba.jp/kankyo/junkan/shushugyomu/hinmoku-kakudai.html／https://www.city.chiba.jp/kankyo/junkan/shushugyomu/hinmoku-kakudai.html,,0,0,0,0
ポラロイドフィルム,ぽらろいどふぃるむ,可燃ごみ,,,0,0,0,0
ポラロイド写真,ぽらろいどしゃしん,可燃ごみ,,,0,0,0,0
ポリタンク（20ℓ以下）,ぽりたんく（20ℓいか）,不燃ごみ,不燃ごみ指定袋（20ℓ）をそれぞれひとつの品目に対して1枚ずつ縛りつけるか、テープなどで貼りつけて排出してください。,,0,0,0,0
ポリバケツ,ぽりばけつ,市の拠点回収または不燃ごみ,ポリプロピレン製、ポリエチレン製、ポリスチレン製のものは各区役所等に設置の回収ボックスへ,,1,0,0,0
ポリ袋,ぽりふくろ,可燃ごみ,,,0,0,0,0
ボルト・ナット,ぼると・なっと,不燃ごみ,,,0,0,0,0
ホワイトボード,ほわいとぼーど,粗大ごみ,,,0,0,0,0
本,ほん,資源物,（古紙・布類）の【古紙（雑誌）】,,0,0,0,0
盆（木製）,ぼん（もくせい）,可燃ごみ,,,0,0,0,0
盆（木製以外）,ぼん（もくせいいがい）,不燃ごみ,,,0,0,0,0
本立て（木製）,ほんだて（もくせい）,可燃ごみ,,,0,0,0,0
本立て（木製以外）,ほんだて（もくせいいがい）,不燃ごみ,,,0,0,0,0
本棚（本箱）,ほんだな（ほんばこ）,粗大ごみ,,,0,0,0,0
ポンプ（手動）（ポリタンク用）,ぽんぷ（しゅどう）（ぽりたんくよう）,可燃ごみ,,,0,0,0,0
ポンプ（電動）（井戸用）,ぽんぷ（でんどう）（いどよう）,粗大ごみ,,,0,0,0,0
ポンプ（風呂の残り湯を洗濯水として使ったりする時のもの）のホース,ぽんぷ（ふろののこりゆをせんたくみずとしてつかったりするときのもの）のほーす,可燃ごみ,,,0,0,0,0
ポンプ（風呂の残り湯を洗濯水として使ったりする時のもの）本体,ぽんぷ（ふろののこりゆをせんたくみずとしてつかったりするときのもの）ほんたい,不燃ごみ,,,0,0,0,0
ほ乳瓶,ほちちかめ,不燃ごみ,,,0,0,0,0
マーカーペン,まーかーぺん,不燃ごみ,,,0,0,0,0
マーガリンの外箱（紙製）,まーがりんのそとばこ（かみせい）,資源物,（古紙・布類）の【古紙（雑がみ）】,,0,0,0,0
マーガリンの容器,まーがりんのようき,可燃ごみ,http://www.botankaishu.jp/／http://www.botankaishu.jp/,,1,0,0,0
麻雀マット,まーじゃんまっと,可燃ごみ,,,0,0,0,0
マイク,まいく,不燃ごみ,,,0,0,0,0
マウス（パソコン用）,まうす（ぱそこんよう）,不燃ごみ,パソコン本体等をメーカーへリサイクルに出す場合は購入時の標準添付品（マウス、キーボード、スピーカー、ケーブルなど）も一緒に出せます。,,0,0,0,0
マウスパッド,まうすぱっど,可燃ごみ,,,0,0,0,0
マガジンラック,まがじんらっく,粗大ごみ,http://www.botankaishu.jp/／http://www.botankaishu.jp/,,1,0,0,0
巻尺,まきじゃく,不燃ごみ,,,0,0,0,0
マグネット（硬いもの）,まぐねっと（かたいもの）,有害ごみ,,,0,0,0,0
マグネット（柔らかいもの）,まぐねっと（やわらかいもの）,可燃ごみ,,,0,0,0,0
マスカラ,ますから,不燃ごみ,,,0,0,0,0
マスク,ますく,可燃ごみ,,,0,0,0,0
マタニティウェア,またにてぃうぇあ,資源物,（古紙・布類）の【布類】,,0,0,0,0
マッサージチェア,まっさーじちぇあ,粗大ごみ,,,0,0,0,0
マッサージ器,まっさーじうつわ,不燃ごみまたは粗大ごみ,,,0,0,0,0
マッサージ機,まっさーじき,粗大ごみ,,,0,0,0,0
マッチ（使用済）,まっち（しようずみ）,可燃ごみ,,,0,0,0,0
マッチ（未使用）,まっち（みしよう）,排出禁止物等,,十分に水に浸せば、可燃ごみとして排出可,1,0,0,0
マッチの箱,まっちのはこ,可燃ごみ,,,0,0,0,0
マットレス（折りたたみを含む）（コイルスプリング又はポケットコイルあり）,まっとれすまっとれす（おりたたみをふくむ）（こいるすぷりんぐまたはぽけっとこいるあり）,排出禁止物等,購入店、メーカーなどに相談（又は、市が許可を出している下記処理業者）、コイルスプリング又はポケットコイルがないものは粗大ごみ,,1,0,0,0
マットレス（折りたたみを含む）（コイルスプリング又はポケットコイルなし）,まっとれすまっとれす（おりたたみをふくむ）（こいるすぷりんぐまたはぽけっとこいるなし）,可燃ごみまたは粗大ごみ,,コイルスプリング又はポケットコイルの有無は製造メーカーにお問い合わせいただくか、カッターなどで切り開いて確認してください。,0,0,0,0
マット類,まっとるい,可燃ごみまたは粗大ごみ,,,0,0,0,0
松葉杖,まつばづえ,粗大ごみ,,,0,0,0,0
窓ガラス,まどがらす,不燃ごみまたは粗大ごみ,紙で包み｢危険｣と書いて不燃ごみ指定袋へ(指定袋に入る場合),,0,0,0,0
窓付き封筒（窓のフィルムは切り取る）,まどつきふうとう（まどのふぃるむはきりとる）,資源物,（古紙・布類）の【古紙（雑がみ）】窓はそのままリサイクル可能と表記があればそのままで可,,0,0,0,0
窓付き封筒の窓（フィルム）,まどつきふうとうのまど（ふぃるむ）,可燃ごみ,,,0,0,0,0
まな板（その他）,まないた（そのた）,不燃ごみ,,,0,0,0,0
まな板（木製、柔らかいプラスチック製）,まないた（もくせい、やわらかいぷらすちっくせい）,可燃ごみ,,,0,0,0,0
マニキュアのびん,まにきゅあのびん,不燃ごみ,,使い切ってから出して下さい。,0,0,0,0
マフラー（自動車・バイク部品）,まふらー（じどうしゃ・ばいくぶひん）,粗大ごみ,,,0,0,0,0
マフラー（衣類）,まふらー（いるい）,可燃ごみ,,,0,0,0,0
魔法瓶（ジャー、ポット）,まほうびん（じゃー、ぽっと）,不燃ごみ,,,0,0,0,0
豆電球,まめでんきゅう,不燃ごみ,,,0,0,0,0
マヨネーズのチューブ（フタを含む）,まよねーずのちゅーぶ（ふたをふくむ）,可燃ごみ,,,0,0,0,0
マヨネーズの外袋,まよねーずのそとぶくろ,可燃ごみ,,,0,0,0,0
マラカス（木製）,まらかす（もくせい）,可燃ごみ,,,0,0,0,0
マラカス（木製以外）,まらかす（もくせいいがい）,不燃ごみ,,,0,0,0,0
枕木（太さ10cm、長さ50cm以内）,まくらぎ（ふとさ10せんち、ながさ50せんちいない）,可燃ごみ,,,0,0,0,0
枕木（太さ10cm超～15cm以内、長さは不燃ごみ指定袋に入る大きさまで）,まくらぎ（ふとさ10せんちこ～15せんちいない、ながさはふねんごみしていぶくろにはいるおおきさまで）,不燃ごみ,,,0,0,0,0
枕木（太さ15cm、長さ150cm以内）,まくらぎ（ふとさ15せんちながながさ150せんちいない）,粗大ごみ,太さや長さがこれを超える場合は、千葉市廃棄物リサイクル事業協同組合（電話043-204-5805）へご相談ください。,,0,0,0,0
万年筆,まんねんひつ,不燃ごみ,,,0,0,0,0
万歩計,まんぽけい,不燃ごみ,,電池は外す,0,0,0,0
ミキサー,みきさー,不燃ごみ,,電池は外す,0,0,0,0
ミシン,みしん,不燃ごみまたは粗大ごみ,,,0,0,0,0
ミシン台,みしんだい,粗大ごみ,,,0,0,0,0
水着,みずぎ,可燃ごみ,,,0,0,0,0
水切りかご（硬いプラスチック製・金属製）,みずきりかご（かたいぷらすちっくせい・きんぞくせい）,不燃ごみ,,,0,0,0,0
水切りかご（その他）,みずきりかご（そのた）,可燃ごみ,,,0,0,0,0
水切りネット,みずきりねっと,可燃ごみ,,,0,0,0,0
ミスト（霧吹き）の容器（金属製）,みすと（きりふき）のようき（きんぞくせい）,不燃ごみ,,,0,0,0,0
ミスト（霧吹き）の容器（金属製以外）,みすと（きりふき）のようき（きんぞくせいいがい）,可燃ごみ,,,0,0,0,0
水枕,みずまくら,可燃ごみ,,,0,0,0,0
水枕の留め具（金属製）,みずまくらのとめぐ（きんぞくせい）,不燃ごみ,,,0,0,0,0
みその袋（プラスチック製）,みそのふくろ（ぷらすちっくせい）,可燃ごみ,,,0,0,0,0
みその容器,みそのようき,可燃ごみ,,,0,0,0,0
ミニカー,みにかー,不燃ごみ,,,0,0,0,0
ミニコンポ,みにこんぽ,不燃ごみまたは粗大ごみ,,,0,0,0,0
ミニディスク（MD）レコーダー,みにでぃすく（えむでぃー）れこーだー,不燃ごみまたは粗大ごみ,,,0,0,0,0
ミニバイク・オートバイ,みにばいく・おーとばい,排出禁止物等,,,1,0,0,0
みりんの容器（ガラス製）,みりんのようき（がらすせい）,資源物,（びん・缶・ﾍﾟｯﾄﾎﾞﾄﾙ）の【びん】,水ですすぐ,0,0,0,0
みりんの容器（ペットボトル製）,みりんのようき（ぺっとぼとるせい）,資源物,（びん・缶・ﾍﾟｯﾄﾎﾞﾄﾙ）の【ﾍﾟｯﾄﾎﾞﾄﾙ】,水ですすぐ,0,0,0,0
ミル,みる,不燃ごみ,,,0,0,0,0
ミルクの缶,みるくのかん,資源物,（びん・缶・ﾍﾟｯﾄﾎﾞﾄﾙ）の【缶】,水ですすぐ,0,0,0,0
麦わら帽子,むぎわらぼうし,可燃ごみ,,,0,0,0,0
虫かご,むしかご,不燃ごみ,,,0,0,0,0
蒸し器（金属製）,むしき（きんぞくせい）,不燃ごみ,,,0,0,0,0
蒸し器（シリコン製）,むしき（しりこんせい）,可燃ごみ,,,0,0,0,0
虫ピン,むしぴん,不燃ごみ,,,0,0,0,0
虫めがね,むしめがね,不燃ごみ,,,0,0,0,0
むしろ,むしろ,可燃ごみ,,,0,0,0,0
無線機,むせんき,不燃ごみ,,,0,0,0,0
名刺,めいし,可燃ごみ,,,0,0,0,0
名刺入れ（金属製、硬いプラスチック製）,めいしいれ（きんぞくせい、かたいぷらすちっくせい）,不燃ごみ,,,0,0,0,0
名刺入れ（皮革製、布製）,めいしいれ（ひかくせい、ぬのせい）,可燃ごみ,,,0,0,0,0
名刺の外箱（紙製）,めいしのそとばこ（かみせい）,資源物,（古紙・布類）の【古紙（雑がみ）】,,0,0,0,0
名刺の外箱（プラスチック製）,めいしのそとばこ（ぷらすちっくせい）,不燃ごみ,,,0,0,0,0
めがね（眼鏡）,めがね（めがね）,不燃ごみ,,,0,0,0,0
眼鏡ケース,めがねけーす,不燃ごみ,,,0,0,0,0
目薬の携帯ケース,めぐすりのけいたいけーす,可燃ごみ,,,0,0,0,0
目薬の外箱（紙製）,めぐすりのそとばこ（かみせい）,資源物,（古紙・布類）の【古紙（雑がみ）】,,0,0,0,0
目薬の容器,めぐすりのようき,可燃ごみ,,,0,0,0,0
目覚まし時計,めざましどけい,不燃ごみ,,電池は外す,0,0,0,0
メジャー,めじゃー,不燃ごみ,,,0,0,0,0
メモ用紙,めもようし,資源物,（古紙・布類）の【古紙（雑がみ）】,,0,0,0,0
メモリーカード,めもりーかーど,小型家電または不燃ごみ,個人情報などを消去したうえで各区役所などの使用済小型家電ボックスへ,,1,0,0,1
綿,めん,可燃ごみ,,,0,0,0,0
面（剣道・フェンシング）,めん（けんどう・ふぇんしんぐ）,粗大ごみ,,,0,0,0,0
麺棒（製麺用）（木製）,めんぼう（せいめんよう）（もくせい）,可燃ごみまたは粗大ごみ,,,0,0,0,0
麺棒（製麺用）（木製以外）,めんぼう（せいめんよう）（もくせいいがい）,不燃ごみまたは粗大ごみ,,,0,0,0,0
綿棒（衛生用品）,めんぼう（えいせいようひん）,可燃ごみ,,,0,0,0,0
綿棒（衛生用品）の容器,めんぼう（えいせいようひん）のようき,可燃ごみ,,,0,0,0,0
毛布,もうふ,可燃ごみ,,,0,0,0,0
モーター類（おもちゃ用）,もーたーるい（おもちゃよう）,不燃ごみ,,,0,0,0,0
木材（厚さ10cm以内、長さは可燃ごみ指定袋に入る大きさまで）,もくざい（あつさ10せんちいない、ながさはかねんごみしていふくろにはいるおおきさまで）,可燃ごみ,,,0,0,0,0
木材（厚さ10cm超～15cm以内、長さは不燃ごみ指定袋に入る大きさまで）,もくざい（あつさ10せんちこ～15せんちいない、ながさはふねんごみしていふくろにいるおおきさまで）,不燃ごみ,,,0,0,0,0
木材（厚さ15cm以内、長さ150cm以内）,もくざい（あつさ15せんちいない、ながさ150せんちいない）,粗大ごみ,太さや長さがこれを超える場合は、千葉市廃棄物リサイクル事業協同組合（電話043-204-5805）へご相談ください。,,0,0,0,0
木炭,もくたん,可燃ごみ,,,0,0,0,0
木馬（子供用遊具）,もくば（こどもようゆうぐ）,粗大ごみ,,,0,0,0,0
餅つき機,もちつきき,粗大ごみ,,,0,0,0,0
モップ,もっぷ,粗大ごみ,,プラスチック製の小型のもので不燃ごみの指定袋からはみ出さなければ「不燃ごみ」、同様に、柄が木製で指定袋に入れば「可燃ごみ」,0,0,0,0
物置,ものおき,粗大ごみ,,,0,0,0,0
ものさし（プラスチック製）,ものさし（ぷらすちっくせい）,不燃ごみまたは粗大ごみ,,,0,0,0,0
ものさし（木製・竹製）,ものさし（もくせいせいたけせい）,可燃ごみ,,,0,0,0,0
物干し（室内用）,ものほし（しつないよう）,粗大ごみ,,,0,0,0,0
物干し竿,ものほしざお,粗大ごみ,,,0,0,0,0
物干し台の支柱,ものほしだいのしちゅう,粗大ごみ,,台土台部分（コンクリート製）は、取り外して出してください。,0,0,0,0
物干し台の土台（コンクリート製）,ものほしだいのどだい（こんくりーとせい）,排出禁止物等,千葉市廃棄物リサイクル事業協同組合に相談電話：043-204-5805,,1,0,0,0
モバイルバッテリー,もばいるばってりー,市の拠点回収または店舗回収協力店,一般社団法人JBRC（回収協力店が検索できます）／市内の環境事業所、新浜リサイクルセンターに持ち込む。,,1,1,0,0
モバイルWi-Fiルーター,もばいるわいふぁいるーたー,排出禁止物等,購入店、メーカーなどに相談（バッテリーが除去できれば不燃ごみとして排出可）,,1,0,0,0
門扉,もんぴ,粗大ごみ,,,0,0,0,0
やかん,やかん,不燃ごみ,,,0,0,0,0
焼き鳥の串,やきとりのくし,可燃ごみ,,,0,0,0,0
野球ボール,やきゅうぼーる,可燃ごみ,,,0,0,0,0
薬品（家庭医薬品）,やくひん（かていいやくひん）,可燃ごみ,,,0,0,0,0
薬品（家庭医薬品）の容器,やくひん（かていいやくひん）のようき,不燃ごみ,,,0,0,0,0
薬品（有毒性のあるもの・農薬）,やくひん（ゆうどくせいのあるもの・のうやく）,排出禁止物等,,,1,0,0,0
薬品（有毒性のあるもの・農薬）の容器,やくひん（ゆうどくせいのあるもの・のうやく）のようき,排出禁止物等,,,1,0,0,0
野菜などの網・トレイ・ネット・袋,やさいなどのあみ・とれい・ねっと・ふくろ,可燃ごみ,,,0,0,0,0
ヤスリ（紙製）,やすり（かみせい）,可燃ごみ,,,0,0,0,0
ヤスリ（金属製）,やすり（きんぞくせい）,不燃ごみ,,,0,0,0,0
柳行李（やなぎこうり）,やなぎこうり（やなぎこうり）,可燃ごみまたは粗大ごみ,,,0,0,0,0
有機ELテレビ,ゆうきいーえるてれび,家電リサイクル対象,,,1,0,0,0
遊具（子ども用）,ゆうぐ（こどもよう）,粗大ごみ,,,0,0,0,0
融雪機,ゆうせつき,粗大ごみ,,バッテリーは除く,0,0,0,0
USBメモリ,ゆーえすびーめもり,小型家電または不燃ごみ,個人情報などを消去したうえで各区役所などの使用済小型家電ボックスへ,,1,0,0,1
浴衣,ゆかた,資源物,（古紙・布類）の【布類】※帯などの小物類は「可燃ごみ」へ,,0,0,0,0
床暖房パネル,ゆかだんぼうぱねる,粗大ごみ,,,0,0,0,0
雪かき道具,ゆきかきどうぐ,粗大ごみ,,,0,0,0,0
湯たんぽ（金属製・硬いプラスチック製）,ゆたんぽ（きんぞくせい・かたいぷらすちっくせい）,不燃ごみ,,,0,0,0,0
湯たんぽ（シリコン製・ゴム製）,ゆたんぽ（しりこんせい・ごむせい）,可燃ごみ,,,0,0,0,0
湯のみ茶碗,ゆのみちゃわん,不燃ごみ,,,0,0,0,0
ゆりかご,ゆりかご,粗大ごみ,,,0,0,0,0
湯沸し器,ゆわかしき,粗大ごみ,,,0,0,0,0
洋服,ようふく,資源物,（古紙・布類）の【布類】,,0,0,0,0
洋服掛け、コート掛け,ようふくかけ、こーとかけ,粗大ごみ,,,0,0,0,0
洋服ダンス,ようふくだんす,粗大ごみ,,,0,0,0,0
洋服ブラシ（木製）,ようふくぶらし（もくせい）,可燃ごみ,,,0,0,0,0
洋服ブラシ（木製以外）,ようふくぶらし（もくせいいがい）,不燃ごみ,,,0,0,0,0
ヨーグルトのフタ,よーぐるとのふた,可燃ごみ,,,0,0,0,0
ヨーグルトの台紙,よーぐるとのだいし,資源物,（古紙・布類）の【古紙（雑がみ）】,,0,0,0,0
ヨーグルトの容器（紙製・プラスチック製）,よーぐるとのようき（かみせい・ぷらすちっくせい）,可燃ごみ,,,0,0,0,0
ヨーグルトの容器の外フィルム,よーぐるとのようきのそとふぃるむ,可燃ごみ,,,0,0,0,0
浴槽,よくそう,排出禁止物等,購入店、メーカーなどに相談（又は千葉市が許可した下記処理業者）／http://www.jbrc.com/,,1,0,0,0
よしず,よしず,可燃ごみまたは粗大ごみ,https://www.city.chiba.jp/kankyo/junkan/shushugyomu/hinmoku-kakudai.html／https://www.city.chiba.jp/kankyo/junkan/shushugyomu/hinmoku-kakudai.html,,0,0,0,0
ラーメンの袋・スープの袋,らーめんのふくろ・すーぷのふくろ,可燃ごみ,,,0,0,0,0
ライター（ガスライター）,らいたー（がすらいたー）,有害ごみ,,使い切ってから出してください。,0,0,0,0
ライター（オイルライター）,らいたー（おいるらいたー）,不燃ごみ,,使い切ってから出してください。,0,0,0,0
ラケット（木製）,らけっと（もくせい）,可燃ごみ,,,0,0,0,0
ラケット（木製以外）,らけっと（もくせいいがい）,不燃ごみまたは粗大ごみ,,,0,0,0,0
ラジオ,らじお,小型家電または不燃ごみ,各区役所などの使用済小型家電回収ボックスへ（電池は外す）,,1,0,0,1
ラジオ（車載用）,らじお（しゃさいよう）,小型家電または不燃ごみ,各区役所などの使用済小型家電回収ボックスへ,,1,0,0,1
ラジカセ,らじかせ,小型家電または不燃ごみ,各区役所などの使用済小型家電回収ボックスへ（電池は外す）,,1,0,0,1
ラジコン,らじこん,不燃ごみ,,電池は外す,0,0,0,0
ラック（木製）,らっく（もくせい）,可燃ごみまたは粗大ごみ,,,0,0,0,0
ラック（木製以外）,らっく（もくせいいがい）,不燃ごみまたは粗大ごみ,,,0,0,0,0
ラッピングフィルム（包装用）,らっぴんぐふぃるむ（ほうそうよう）,可燃ごみ,,,0,0,0,0
ラップ,らっぷ,可燃ごみ,,,0,0,0,0
ラップの外箱,らっぷのそとばこ,資源物,（古紙・布類）の【古紙（雑がみ）】,,0,0,0,0
ラップの芯,らっぷのしん,可燃ごみ,,,0,0,0,0
ラップの刃（紙製）,らっぷのは（かみせい）,資源物,（古紙・布類）の【古紙（雑がみ）】,,0,0,0,0
ラップの刃（金属製・プラスチック製）,らっぷのは（きんぞくせい・ぷらすちっくせい）,不燃ごみ,,,0,0,0,0
ラップの箱,らっぷのはこ,資源物,（古紙・布類）の【古紙（雑がみ）】,,0,0,0,0
ラティス（ガーデニング用木製柵）,らてぃす（がーでにんぐようもくせいさく）,粗大ごみ,,,0,0,0,0
ラミネートチューブ,らみねーとちゅーぶ,可燃ごみ,,,0,0,0,0
ランタン,らんたん,不燃ごみ,,,0,0,0,0
ランドセル,らんどせる,可燃ごみ,,,0,0,0,0
ランドリーボックス（金属製、硬いプラスチック製）,らんどりーぼっくす（きんぞくせい、かたいぷらすちっくせい）,不燃ごみまたは粗大ごみ,,,0,0,0,0
ランドリーボックス（植物等の自然素材、シリコン製など柔らかいもの）,らんどりーぼっくす（しょくぶつとうのしぜんそざい、しりこんせいなどやわらかいもの）,可燃ごみ,,,0,0,0,0
ランプシェード（照明器具）,らんぷしぇーど（しょうめいきぐ）,不燃ごみまたは粗大ごみ,,,0,0,0,0
リール（釣り具）,りーる（つりぐ）,不燃ごみ,,,0,0,0,0
リクライニングチェア,りくらいにんぐちぇあ,粗大ごみ,,,0,0,0,0
リコーダー,りこーだー,不燃ごみ,,,0,0,0,0
リチウムイオン電池（充電式）,りちうむいおんでんち（じゅうでんしき）,市の拠点回収または店舗回収協力店,一般社団法人JBRC（回収協力店が検索できます）／市内の環境事業所、新浜リサイクルセンターに持ち込む。,,1,1,0,0
リチウム電池（使い切りタイプ）,りちうむでんち（つかいきりたいぷ）,有害ごみ,,,0,0,0,0
リップクリームの容器（硬いプラスチック製）,りっぷくりーむのようき（かたいぷらすちっくせい）,不燃ごみ,,,0,0,0,0
リップクリームの容器（柔らかいプラスチック製）,りっぷくりーむのようき（やわらかいぷらすちっくせい）,可燃ごみ,,,0,0,0,0
リビングボード,りびんぐぼーど,粗大ごみ,,,0,0,0,0
リモコン,りもこん,不燃ごみ,,電池は外す,0,0,0,0
リヤカー,りやかー,粗大ごみ,,,0,0,0,0
リュックサック,りゅっくさっく,可燃ごみ,,,0,0,0,0
リンスの詰め替え用袋（プラスチック製）,りんすのつめかえようふくろ（ぷらすちっくせい）,可燃ごみ,,,0,0,0,0
リンスの容器（プラスチック製）,りんすのようき（ぷらすちっくせい）,可燃ごみ,,,0,0,0,0
ルーター,るーたー,不燃ごみ,,,0,0,0,0
ルーター（充電電池式）,るーたー（じゅうでんでんちしき）,排出禁止物等,購入店、メーカーなどに相談（バッテリーを除去できれば不燃ごみとして排出可）,,1,0,0,0
ルーフボックス,るーふぼっくす,粗大ごみ,,,0,0,0,0
ルーフキャリア,るーふきゃりあ,粗大ごみ,,,0,0,0,0
ルーペ,るーぺ,不燃ごみ,,,0,0,0,0
ルームランナー,るーむらんなー,粗大ごみ,,,0,0,0,0
冷温庫,れいおんこ,家電リサイクル対象,,,1,0,0,0
冷却枕,れいきゃくまくら,可燃ごみ,,,0,0,0,0
冷水器,れいすいき,粗大ごみ,,,0,0,0,0
冷蔵庫,れいぞうこ,家電リサイクル対象,,,1,0,0,0
冷凍庫,れいとうこ,家電リサイクル対象,,,1,0,0,0
冷凍食品の仕切りトレイ（プラスチック製）,れいとうしょくひんのしきりとれい（ぷらすちっくせい）,可燃ごみ,,,0,0,0,0
冷凍食品の袋,れいとうしょくひんのふくろ,可燃ごみ,,,0,0,0,0
冷風機（冷風扇）,れいふうき（れいふうせん）,粗大ごみ,,小型のもので不燃ごみの指定袋に入れば「不燃ごみ」,0,0,0,0
レインコート・レインウェア,れいんこーと・れいんうぇあ,可燃ごみ,,,0,0,0,0
レインブーツ,れいんぶーつ,可燃ごみ,,,0,0,0,0
レーザーディスク,れーざーでぃすく,不燃ごみ,,,0,0,0,0
レーザーディスクのケース（柔らかいプラスチック製）,れーざーでぃすくのけーす（やわらかいぷらすちっくせい）,可燃ごみ,,,0,0,0,0
レーザーディスクのケース（紙製）,れーざーでぃすくのけーす（かみせい）,資源物,（古紙・布類）の【古紙（雑がみ）】,,0,0,0,0
レーザーディスクプレーヤー（LDプレーヤー）,れーざーでぃすくぷれーやー（えるでぃーぷれーやー）,粗大ごみ,,,0,0,0,0
レーザープリンタ,れーざーぷりんた,粗大ごみ,,,0,0,0,0
レースカーテン,れーすかーてん,可燃ごみ,,,0,0,0,0
レコード（割れるような硬いもの）,れこーど（われるようなかたいもの）,不燃ごみ,,,0,0,0,0
レコード（薄いシート状などの柔らかいもの）,れこーど（うすいしーとじょうなどのやわらかいもの）,可燃ごみ,,,0,0,0,0
レコードジャケット(紙製ケース),れこーどじゃけっと(かみせいけーす),資源物,（古紙・布類）の【古紙（雑がみ）】,,0,0,0,0
レコードプレイヤー,れこーどぷれいやー,不燃ごみまたは粗大ごみ,http://www.jbrc.com/／http://www.jbrc.com/,,1,0,0,0
レシート,れしーと,可燃ごみ,https://www.city.chiba.jp/kankyo/junkan/shushugyomu/hinmoku-kakudai.html／https://www.city.chiba.jp/kankyo/junkan/shushugyomu/hinmoku-kakudai.html,,0,0,0,0
レジャーシート,れじゃーしーと,可燃ごみ,,,0,0,0,0
レジャーシートの外包装（ビニール製）,れじゃーしーとのがいほうそう（びにーるせい）,可燃ごみ,,,0,0,0,0
レジャーテーブル,れじゃーてーぶる,粗大ごみ,,,0,0,0,0
レジャーボート（ゴムボート）（底板付きのもの）,れじゃーぼーと（ごむぼーと）（そこいたつきのもの）,粗大ごみ,,,0,0,0,0
レジャーボート（ゴムボート）（浮輪状の遊戯具）,れじゃーぼーと（ごむぼーと）（うきわじょうのゆうぎぐ）,可燃ごみ,,,0,0,0,0
レジ袋,れじふくろ,可燃ごみ,,※レジ袋のまま可燃ごみ・不燃ごみ等を出すことはできません。,0,0,0,0
レターケース,れたーけーす,市の拠点回収、不燃ごみまたは粗大ごみ,小型のもので不燃ごみの指定袋に入れば不燃ごみポリプロピレン製、ポリエチレン製、ポリスチレン製のものは、各区役所等に設置の回収ボックスへ,,1,0,0,0
レトルト食品の外箱（紙製）,れとるとしょくひんのそとばこ（かみせい）,資源物,（古紙・布類）の【古紙（雑がみ）】,,0,0,0,0
レトルト食品のパック,れとるとしょくひんのぱっく,可燃ごみ,,,0,0,0,0
レンガ,れんが,排出禁止物等,,,1,0,0,0
レンジ,れんじ,粗大ごみ,,,0,0,0,0
レンジフード（換気扇）,れんじふーど（かんきせん）,粗大ごみ,,,0,0,0,0
レンジフード（換気扇）のフィルター,れんじふーど（かんきせん）のふぃるたー,可燃ごみ,,,0,0,0,0
レンジ台,れんじだい,粗大ごみ,,,0,0,0,0
レンズ,れんず,不燃ごみ,,,0,0,0,0
練炭,れんたん,可燃ごみ,,,0,0,0,0
老眼鏡,ろうがんきょう,不燃ごみ,,,0,0,0,0
老人用手押し車,ろうじんようておしぐるま,粗大ごみ,,,0,0,0,0
ろうそく,ろうそく,可燃ごみ,,,0,0,0,0
ろう紙（紙コップ・紙皿など）,ろうかみ（かみこっぷ・かみざらなど）,可燃ごみ,,,0,0,0,0
ロースター,ろーすたー,不燃ごみまたは粗大ごみ,,,0,0,0,0
ロードコーン（カラーコーン・三角コーン）,ろーどこーん（からーこーん・さんかくこーん）,粗大ごみ,,,0,0,0,0
ロープ,ろーぷ,可燃ごみ,,,0,0,0,0
ローボード,ろーぼーど,粗大ごみ,,,0,0,0,0
ローラースケート,ろーらーすけーと,不燃ごみ,,,0,0,0,0
ローラーブレード,ろーらーぶれーど,不燃ごみ,,,0,0,0,0
ロッカー,ろっかー,粗大ごみ,,,0,0,0,0
ワードプロセッサー（ワープロ）,わーどぷろせっさー（わーぷろ）,粗大ごみ,,,0,0,0,0
ワープロインクリボン,わーぷろいんくりぼん,可燃ごみ,,,0,0,0,0
ワープロインクリボンの外箱,わーぷろいんくりぼんのそとばこ,資源物,（古紙・布類）の【古紙（雑がみ）】,,0,0,0,0
ワープロインクリボンの個袋（プラスチック製）,わーぷろいんくりぼんのこふくろ（ぷらすちっくせい）,可燃ごみ,,,0,0,0,0
Yシャツ,わいしゃつ,資源物,（古紙・布類）の【布類】,,0,0,0,0
Yシャツの外包装,わいしゃつのがいほうそう,可燃ごみ,,,0,0,0,0
Yシャツの中台紙,わいしゃつのちゅうたいかみ,資源物,（古紙・布類）の【古紙（雑がみ）】,,0,0,0,0
ワイヤー,わいやー,不燃ごみ,,,0,0,0,0
ワイヤーロープ,わいやーろーぷ,不燃ごみ,,,0,0,0,0
ワインのびん,わいんのびん,資源物,（びん・缶・ﾍﾟｯﾄﾎﾞﾄﾙ）の【びん】,水ですすぐ,0,0,0,0
ワインの栓（コルク）,わいんのせん（こるく）,可燃ごみ,,,0,0,0,0
ワインの栓（金属製）,わいんのせん（きんぞくせい）,資源物,（びん・缶・ﾍﾟｯﾄﾎﾞﾄﾙ）の【缶】,,0,0,0,0
ワイン庫（ワインセラー）,わいんこ（わいんせらー）,家電リサイクル対象,,,1,0,0,0
ワイン抜き,わいんぬき,不燃ごみ,,,0,0,0,0
輪ゴム,わごむ,可燃ごみ,,,0,0,0,0
輪ゴムの外箱,わごむのそとばこ,資源物,（古紙・布類）の【古紙（雑がみ）】,,0,0,0,0
ワゴン（台所用など）,わごん（だいどころようなど）,粗大ごみ,,,0,0,0,0
わさびのチューブ（フタを含む）,わさびのちゅーぶ（ふたをふくむ）,可燃ごみ,,,0,0,0,0
わさびの外箱（紙製）,わさびのそとばこ（かみせい）,資源物,（古紙・布類）の【古紙（雑がみ）】,,0,0,0,0
和ダンス,わだんす,粗大ごみ,,,0,0,0,0
ワックス,わっくす,可燃ごみ,,,0,0,0,0
ワックス加工紙,わっくすかこうし,可燃ごみ,,,0,0,0,0
ワックス容器（缶・ボトル）,わっくすようき（かん・ぼとる）,不燃ごみ,,,0,0,0,0
和服,わふく,資源物,（古紙・布類）の【布類】帯や足袋などの小物や反物は「可燃ごみ」へ,,0,0,0,0
わら製品,わらせいひん,可燃ごみ,,,0,0,0,0
割り箸,わりばし,可燃ごみ,,,0,0,0,0
割り箸の外袋（紙製）(汚れていないもの),わりばしのそとぶくろ（かみせい）(よごれていないもの),資源物,（古紙・布類）の【古紙（雑がみ）】,汚れたものは「可燃ごみ」へ,0,0,0,0
割り箸の外袋（プラスチック製）,わりばしのそとふくろ（ぷらすちっくせい）,可燃ごみ,,,0,0,0,0
割れたびん,われたびん,不燃ごみ,紙で包み｢危険｣と書いて不燃ごみ指定袋へ（指定袋に入る場合）,,0,0,0,0
ワンカップのびん,わんかっぷのびん,資源物,（びん・缶・ﾍﾟｯﾄﾎﾞﾄﾙ）の【びん】,水ですすぐ,0,0,0,0
